Amsterdamse code,CBS code,Naam,# geldige stemmen,# ongeldige/blanco stemmen,Percentage ongeldige/blanco stemmen,# kiesgerechtigden,Opkomst,Opkomstpercentage,CDA,PvdA,VVD,D66,GL,SGP,GPV,RPF,CD,SP,De Groenen,Vrouwenpartij,Bejaarden Centraal,VCN: partij van communisten in Nederland,Realisten Nederland,Socialistische Arbeiderspartij,Anti Werkloosheid Partij,Politieke Partij voor Ouderen,Vooruitstrevende Minderheden Partij,Partij Democratisch Socialisten,Socialistische Minderheden Partij,Humanistische Partij,Milieu Defensie Partij 2000+,Grote Alliance Partij,Staatkundige Federatie
11084,738,Aalburg,6509,28,"0,43 %",7619,6537,"85,80 %",2712,1019,513,206,96,1555,137,223,23,6,7,6,2,0,1,3,0,0,0,0,0,0,0,0,0
11264,358,Aalsmeer,14181,50,"0,35 %",16904,14231,"84,19 %",6206,2612,3361,1107,342,82,131,164,95,3,39,20,5,5,2,0,2,4,0,0,1,0,0,0,0
11046,197,Aalten,11556,28,"0,24 %",13500,11584,"85,81 %",6672,2683,933,505,303,27,105,234,33,3,22,11,0,2,3,8,4,7,1,0,0,0,0,0,0
11020,648,Aardenburg,2182,4,"0,18 %",2674,2186,"81,75 %",953,634,411,94,45,11,8,3,10,0,7,3,0,1,0,2,0,0,0,0,0,0,0,0,0
10757,739,Aarle-Rixtel,3550,16,"0,45 %",4181,3566,"85,29 %",1833,922,405,239,71,2,10,12,19,12,11,4,4,0,0,5,0,0,1,0,0,0,0,0,0
10712,305,Abcoude,5178,22,"0,42 %",5885,5200,"88,36 %",1957,880,1334,568,175,63,78,35,38,4,26,12,2,2,1,1,1,0,0,1,0,0,0,0,0
10199,59,Achtkarspelen,17457,57,"0,33 %",19787,17514,"88,51 %",7261,6519,987,655,371,191,808,563,26,11,29,8,0,9,9,6,3,0,1,0,0,0,0,0,0
10996,1,Adorp,1214,0,"0,00 %",1337,1214,"90,80 %",436,322,146,74,84,3,124,5,2,3,3,5,0,1,6,0,0,0,0,0,0,0,0,0,0
10999,2,Aduard,1879,1,"0,05 %",2101,1880,"89,48 %",607,647,203,103,59,1,229,8,2,2,4,2,0,1,10,1,0,0,0,0,0,0,0,0,0
10346,360,Akersloot,3274,11,"0,34 %",3811,3285,"86,20 %",1510,618,577,381,107,2,7,12,15,10,18,10,3,2,1,1,0,0,0,0,0,0,0,0,0
11327,482,Alblasserdam,10773,34,"0,32 %",12896,10807,"83,80 %",2668,4207,1176,702,291,1153,171,249,98,14,18,6,12,0,0,3,4,0,1,0,0,0,0,0,0
10124,613,Albrandswaard,8982,27,"0,30 %",10862,9009,"82,94 %",3182,2263,1923,826,244,206,114,55,94,10,28,12,6,6,4,8,1,0,0,0,0,0,0,0,0
10349,483,Alkemade,8642,11,"0,13 %",10141,8653,"85,33 %",4979,1303,1396,515,290,14,20,11,39,6,28,10,10,1,4,3,3,0,9,0,1,0,0,0,0
10527,361,Alkmaar,49946,143,"0,29 %",64433,50089,"77,74 %",14236,17766,7871,4909,3155,92,340,237,428,250,300,101,83,48,27,31,9,46,17,0,0,0,0,0,0
11053,141,Almelo,36257,103,"0,28 %",44437,36360,"81,82 %",12193,15613,4047,2214,884,128,344,315,219,97,64,31,22,26,13,7,9,28,3,0,0,0,0,0,0
10018,34,Almere,34764,84,"0,24 %",46243,34848,"75,36 %",6079,13493,7498,4159,1880,40,214,114,783,117,154,84,0,72,30,19,19,0,9,0,0,0,0,0,0
10517,484,Alphen aan den Rijn,34741,101,"0,29 %",44028,34842,"79,14 %",12453,8101,7228,3220,1322,580,420,551,225,426,83,50,16,4,25,32,2,0,2,0,1,0,0,0,0
10710,741,Alphen en Riel,3823,11,"0,29 %",4505,3834,"85,11 %",2333,628,474,263,74,1,4,1,17,5,9,4,0,2,2,6,0,0,0,0,0,0,0,0,0
11400,142,Ambt Delden,3708,4,"0,11 %",4030,3712,"92,11 %",2722,423,381,112,38,4,12,2,9,2,0,1,1,0,1,0,0,0,0,0,0,0,0,0,0
11153,60,Ameland,2915,5,"0,17 %",2382,2920,"122,59 %",1279,851,440,176,99,6,32,7,6,1,8,4,0,0,5,1,0,0,0,0,0,0,0,0,0
11372,306,Amerongen,4341,9,"0,21 %",5036,4350,"86,38 %",1560,1070,775,244,91,392,40,107,28,9,10,5,2,1,4,1,0,0,1,0,1,0,0,0,0
10948,307,Amersfoort,57610,132,"0,23 %",73373,57742,"78,70 %",18947,16527,9082,5275,3291,817,2180,480,478,86,157,76,96,43,30,6,11,0,4,11,7,6,0,0,0
10151,198,Ammerzoden,2725,11,"0,40 %",3148,2736,"86,91 %",1618,587,240,135,36,46,5,23,11,3,8,1,0,1,2,4,1,3,1,0,0,0,0,0,0
10799,362,Amstelveen,45612,116,"0,25 %",55227,45728,"82,80 %",13393,10536,12627,5553,1935,144,275,235,384,48,220,109,43,19,44,11,5,26,4,0,1,0,0,0,0
11150,363,Amsterdam,358769,1260,"0,35 %",508361,360029,"70,82 %",54660,152832,48775,39496,38867,559,1262,1163,11182,1140,4268,803,718,1507,279,320,127,264,96,88,91,218,0,54,0
10822,364,Andijk,3619,7,"0,19 %",4212,3626,"86,09 %",1567,865,476,202,159,51,32,210,20,3,20,5,3,5,0,1,0,0,0,0,0,0,0,0,0
11131,199,Angerlo,2860,11,"0,38 %",3277,2871,"87,61 %",1390,942,247,200,48,2,2,6,10,0,9,2,0,0,0,2,0,0,0,0,0,0,0,0,0
10787,105,Anloo,5049,13,"0,26 %",5746,5062,"88,10 %",632,2372,1330,440,153,1,42,19,10,11,9,13,0,5,9,2,1,0,0,0,0,0,0,0,0
10344,366,Anna Paulowna,6266,21,"0,34 %",7568,6287,"83,07 %",2499,1444,1540,432,176,10,55,36,30,4,8,11,2,4,9,0,1,2,3,0,0,0,0,0,0
11075,200,Apeldoorn,89891,185,"0,21 %",110300,90076,"81,66 %",30742,27887,14719,7973,2867,2117,1176,1156,465,115,296,112,102,43,46,42,21,0,12,0,0,0,0,0,0
10886,3,Appingedam,8051,28,"0,35 %",9612,8079,"84,05 %",2121,4120,718,440,292,18,167,63,17,17,8,5,0,20,32,6,6,0,1,0,0,0,0,0,0
10202,885,Arcen en Velden,5419,12,"0,22 %",6414,5431,"84,67 %",3365,1023,520,300,149,3,4,5,7,19,8,6,6,3,1,0,0,0,0,0,0,0,0,0,0
11419,649,Arnemuiden,2633,12,"0,46 %",3155,2645,"83,84 %",727,505,238,113,42,646,32,289,32,0,0,3,0,1,4,1,0,0,0,0,0,0,0,0,0
10795,202,Arnhem,75154,227,"0,30 %",99581,75381,"75,70 %",20380,30147,9857,6951,4717,192,625,345,678,569,316,117,75,28,48,66,16,0,27,0,0,0,0,0,0
10522,106,Assen,31024,113,"0,36 %",37256,31137,"83,58 %",6769,13486,4307,2551,1422,45,1684,304,129,102,72,32,0,16,93,6,4,0,2,0,0,0,0,0,0
10478,743,Asten,9197,26,"0,28 %",10936,9223,"84,34 %",5762,1760,812,486,273,5,8,5,12,27,9,12,11,1,3,9,1,0,1,0,0,0,0,0,0
11190,143,Avereest,9217,22,"0,24 %",10650,9239,"86,75 %",4287,2636,1160,459,144,55,202,208,25,7,18,9,2,0,1,0,1,2,1,0,0,0,0,0,0
11289,650,Axel,6733,32,"0,48 %",9017,6765,"75,02 %",2422,2098,846,337,151,97,653,52,47,4,12,6,0,4,2,0,2,0,0,0,0,0,0,0,0
10060,744,Baarle-Nassau,3406,14,"0,41 %",4276,3420,"79,98 %",2019,681,427,156,68,3,8,14,14,1,6,5,0,0,1,3,0,0,0,0,0,0,0,0,0
11411,308,Baarn,15405,69,"0,45 %",18848,15474,"82,10 %",5025,3644,3759,1430,604,185,188,262,118,34,77,21,25,6,11,6,3,0,3,1,1,2,0,0,0
11255,886,Baexem,1546,1,"0,06 %",1832,1547,"84,44 %",967,300,144,81,34,0,6,2,5,0,2,2,2,0,1,0,0,0,0,0,0,0,0,0,0
10539,4,Baflo,1883,3,"0,16 %",2125,1886,"88,75 %",640,645,227,137,98,5,92,17,1,4,7,1,0,0,8,1,0,0,0,0,0,0,0,0,0
10749,745,Bakel en Milheeze,4406,19,"0,43 %",5590,4425,"79,16 %",2987,753,334,181,108,0,1,0,6,8,5,2,9,0,4,4,2,0,2,0,0,0,0,0,0
10943,489,Barendrecht,12675,42,"0,33 %",14712,12717,"86,44 %",4945,2317,2303,1151,351,923,235,211,134,26,27,13,14,0,20,2,1,0,2,0,0,0,0,0,0
10906,203,Barneveld,25483,56,"0,22 %",29153,25539,"87,60 %",11869,2807,3218,965,346,4178,511,1380,101,14,41,12,8,6,12,9,3,0,3,0,0,0,0,0,0
10973,369,Barsingerhorn,2311,8,"0,35 %",2944,2319,"78,77 %",425,1049,543,148,98,0,1,9,14,2,5,4,1,7,0,5,0,0,0,0,0,0,0,0,0
11030,144,Bathmen,3565,10,"0,28 %",3953,3575,"90,44 %",1173,905,1040,330,77,1,8,7,12,0,4,3,4,0,0,1,0,0,0,0,0,0,0,0,0
10425,5,Bedum,6517,12,"0,18 %",7138,6529,"91,47 %",2687,1697,579,380,192,17,820,91,20,2,14,3,0,1,12,1,1,0,0,0,0,0,0,0,0
11089,887,Beegden,1147,3,"0,26 %",1345,1150,"85,50 %",564,359,123,65,29,0,2,0,2,0,2,0,0,1,0,0,0,0,0,0,0,0,0,0,0
11374,888,Beek,10434,39,"0,37 %",12770,10473,"82,01 %",5098,3066,1163,653,304,3,11,7,41,25,16,16,18,2,4,2,0,0,5,0,0,0,0,0,0
10173,746,Beek en Donk,5497,16,"0,29 %",6837,5513,"80,63 %",2942,1577,381,291,232,5,3,7,14,20,8,2,7,0,0,7,0,0,1,0,0,0,0,0,0
10816,370,Beemster,5137,15,"0,29 %",5932,5152,"86,85 %",1726,1270,1455,446,155,5,14,12,16,8,16,4,1,2,1,2,1,2,1,0,0,0,0,0,0
11410,747,Beers,2103,3,"0,14 %",2333,2106,"90,27 %",1361,400,171,93,48,1,2,0,7,3,4,5,5,0,3,0,0,0,0,0,0,0,0,0,0
11043,6,Beerta,2052,8,"0,39 %",2379,2060,"86,59 %",94,1342,185,44,127,2,4,4,9,8,1,7,0,220,3,2,0,0,0,0,0,0,0,0,0
10195,889,Beesel,6880,30,"0,44 %",9332,6910,"74,05 %",3766,1956,541,337,173,4,8,3,37,7,17,11,11,4,0,3,1,0,1,0,0,0,0,0,0
10520,107,Beilen,9564,25,"0,26 %",10734,9589,"89,33 %",2949,4066,1396,537,237,28,228,60,17,14,12,3,0,4,6,5,1,0,1,0,0,0,0,0,0
10292,890,Belfeld,2999,8,"0,27 %",3854,3007,"78,02 %",1632,823,267,178,60,0,0,1,15,6,7,3,2,0,2,1,2,0,0,0,0,0,0,0,0
10340,7,Bellingwedde,6420,21,"0,33 %",7480,6441,"86,11 %",940,4005,737,290,221,11,34,74,15,7,20,2,0,32,23,5,3,0,1,0,0,0,0,0,0
10744,206,Bemmel,9676,34,"0,35 %",11905,9710,"81,56 %",5077,2888,864,547,185,11,13,10,19,8,25,6,0,2,3,5,6,7,0,0,0,0,0,0,0
10734,372,Bennebroek,3843,12,"0,31 %",4527,3855,"85,16 %",1586,568,1128,341,135,15,18,11,11,3,14,6,1,2,2,0,0,1,1,0,0,0,0,0,0
10398,490,Benthuizen,2128,4,"0,19 %",2443,2132,"87,27 %",645,306,399,173,42,451,29,67,3,1,0,5,1,0,0,0,0,0,0,0,6,0,0,0,0
10962,491,Bergambacht,5885,11,"0,19 %",6675,5896,"88,33 %",1625,1740,1080,371,135,711,61,103,30,5,11,1,5,2,3,1,0,0,0,0,1,0,0,0,0
11281,893,Bergen (L),7890,35,"0,44 %",9772,7925,"81,10 %",4664,2072,578,339,147,2,13,3,25,9,15,4,6,2,5,3,1,0,2,0,0,0,0,0,0
11424,373,Bergen (Zh),9283,18,"0,19 %",10830,9301,"85,88 %",2938,2191,2447,923,451,6,28,30,49,6,159,19,17,7,1,2,4,4,1,0,0,0,0,0,0
11037,748,Bergen op Zoom,25086,83,"0,33 %",33829,25169,"74,40 %",9565,7694,4008,2102,824,44,66,43,466,86,73,47,0,13,10,32,7,0,6,0,0,0,0,0,0
11160,749,Bergeyk,6354,14,"0,22 %",7457,6368,"85,40 %",3888,1259,599,314,179,23,12,16,20,6,11,8,4,2,2,6,2,0,3,0,0,0,0,0,0
10350,207,Bergh,11098,47,"0,42 %",13639,11145,"81,71 %",5625,3631,1027,490,172,13,18,13,31,12,24,7,0,1,4,10,8,12,0,0,0,0,0,0,0
10733,750,Berghem,3491,9,"0,26 %",4223,3500,"82,88 %",1521,1273,227,182,55,0,4,1,19,191,5,1,2,0,0,9,0,0,1,0,0,0,0,0,0
10445,492,Bergschenhoek,4821,10,"0,21 %",5642,4831,"85,63 %",2278,748,969,348,122,62,127,69,57,1,24,5,6,1,2,1,1,0,0,0,0,0,0,0,0
10139,493,Berkel en Rodenrijs,9970,21,"0,21 %",11351,9991,"88,02 %",4822,1295,1767,852,230,54,708,92,61,13,33,13,10,3,7,7,3,0,0,0,0,0,0,0,0
11132,751,Berkel-Enschot,6883,7,"0,10 %",7779,6890,"88,57 %",3596,1218,1255,563,182,6,14,2,16,8,8,5,0,2,0,5,1,0,2,0,0,0,0,0,0
10362,752,Berlicum,5436,16,"0,29 %",6439,5452,"84,67 %",2748,1544,524,389,104,4,7,3,12,78,8,7,1,0,1,3,1,0,2,0,0,0,0,0,0
10316,568,Bernisse,7689,31,"0,40 %",9324,7720,"82,80 %",2611,1986,1729,802,206,132,35,59,57,9,21,10,6,3,11,4,6,0,2,0,0,0,0,0,0
10442,753,Best,12994,36,"0,28 %",16159,13030,"80,64 %",6003,3581,1724,1005,329,16,88,36,67,51,36,21,19,3,3,4,5,0,3,0,0,0,0,0,0
10417,209,Beuningen,12561,57,"0,45 %",16181,12618,"77,98 %",5416,3982,1436,1064,416,14,48,10,51,37,38,20,0,2,11,8,2,4,2,0,0,0,0,0,0
10272,375,Beverwijk,20941,73,"0,35 %",27052,21014,"77,68 %",7017,7616,2852,1703,1057,43,87,106,163,24,112,34,33,29,10,13,8,33,1,0,0,0,0,0,0
11294,8,Bierum,2805,4,"0,14 %",3242,2809,"86,64 %",1165,954,298,181,83,11,48,31,4,3,4,2,0,0,17,3,0,0,1,0,0,0,0,0,0
10222,585,Binnenmaas,11911,43,"0,36 %",13998,11954,"85,40 %",3771,3260,2570,971,289,676,91,113,88,17,28,12,6,4,7,3,3,0,2,0,0,0,0,0,0
11006,754,Bladel en Netersel,5818,23,"0,40 %",7379,5841,"79,16 %",3336,1236,577,355,214,13,10,6,11,14,14,15,6,0,8,3,0,0,0,0,0,0,0,0,0
10493,376,Blaricum,6700,9,"0,13 %",7831,6709,"85,67 %",2147,1278,2193,692,234,17,41,21,32,0,21,7,6,4,3,0,2,0,2,0,0,0,0,0,0
10994,495,Bleiswijk,5423,13,"0,24 %",6313,5436,"86,11 %",2452,769,1310,415,90,140,68,116,28,1,11,9,6,0,2,2,2,0,2,0,0,0,0,0,0
10850,377,Bloemendaal,12016,39,"0,32 %",13746,12055,"87,70 %",3931,1765,4437,1218,332,37,77,44,45,7,53,16,12,10,13,5,2,11,1,0,0,0,0,0,0
10815,55,Boarnsterhim,11849,33,"0,28 %",13332,11882,"89,12 %",2537,5798,1948,921,406,46,47,52,33,11,25,5,0,5,11,2,1,0,1,0,0,0,0,0,0
11091,497,Bodegraven,10676,22,"0,21 %",12872,10698,"83,11 %",5000,1858,1740,756,263,489,169,276,58,11,26,11,1,10,5,1,0,0,2,0,0,0,0,0,0
10432,755,Boekel,5380,27,"0,50 %",6431,5407,"84,08 %",3386,1149,399,236,135,2,3,7,9,23,12,6,5,0,2,5,0,0,1,0,0,0,0,0,0
10865,64,Bolsward,6203,22,"0,35 %",7381,6225,"84,34 %",2654,2212,542,429,209,9,62,44,10,3,13,9,0,1,3,3,0,0,0,0,0,0,0,0,0
11307,211,Borculo,6580,28,"0,43 %",7588,6608,"87,08 %",2096,2468,1320,421,167,7,28,22,18,4,9,4,0,2,1,2,5,6,0,0,0,0,0,0,0
10448,108,Borger,8915,34,"0,38 %",9782,8949,"91,48 %",2050,4512,1347,518,237,11,107,64,12,7,16,6,0,3,23,0,0,0,2,0,0,0,0,0,0
10927,897,Born,8832,35,"0,40 %",10516,8867,"84,32 %",4703,2598,729,444,207,12,8,16,36,19,16,11,7,8,3,3,8,0,4,0,0,0,0,0,0
10326,147,Borne,13841,12,"0,09 %",15777,13853,"87,81 %",6868,3878,1591,942,318,14,57,53,22,34,21,10,8,3,6,7,1,7,1,0,0,0,0,0,0
10043,654,Borsele,12348,22,"0,18 %",14882,12370,"83,12 %",5350,2699,1417,776,297,1397,141,144,66,6,23,14,0,1,8,2,6,0,1,0,0,0,0,0,0
10419,499,Boskoop,9083,30,"0,33 %",10525,9113,"86,58 %",3861,1539,1851,733,412,307,108,164,58,7,23,4,2,2,7,1,4,0,0,0,0,0,0,0,0
11227,756,Boxmeer,9205,24,"0,26 %",10769,9229,"85,70 %",4707,2632,846,560,300,8,8,14,21,54,19,10,5,4,0,11,1,0,5,0,0,0,0,0,0
10083,757,Boxtel,14309,40,"0,28 %",18183,14349,"78,91 %",5986,4501,1470,1027,466,12,37,15,51,662,46,12,0,9,5,0,4,0,6,0,0,0,0,0,0
11125,212,Brakel,4016,14,"0,35 %",4680,4030,"86,11 %",1321,1079,286,110,45,974,35,129,18,5,6,1,0,1,1,2,0,3,0,0,0,0,0,0,0
10154,758,Breda,68092,158,"0,23 %",94467,68250,"72,25 %",22697,22900,10318,6729,3286,159,219,162,880,172,315,107,0,35,48,40,10,0,15,0,0,0,0,0,0
11088,194,Brederwiede,7973,17,"0,21 %",8956,7990,"89,21 %",3227,2476,939,408,125,60,597,92,21,2,13,5,1,1,4,2,0,0,0,0,0,0,0,0,0
10807,311,Breukelen,8683,26,"0,30 %",10227,8709,"85,16 %",3507,1396,1807,810,307,493,87,185,47,10,20,6,6,1,0,1,0,0,0,0,0,0,0,0,0
10232,501,Brielle,9424,27,"0,29 %",11518,9451,"82,05 %",2615,2784,2343,1063,290,57,49,53,80,12,28,13,16,5,7,6,3,0,0,0,0,0,0,0,0
10289,380,Broek in Waterland,1827,3,"0,16 %",2099,1830,"87,18 %",500,512,459,228,77,3,4,8,21,2,7,4,1,0,0,1,0,0,0,0,0,0,0,0,0
10856,898,Broekhuizen,1186,3,"0,25 %",1371,1189,"86,73 %",754,208,117,56,38,0,2,1,4,1,1,2,0,0,0,1,1,0,0,0,0,0,0,0,0
10030,656,Brouwershaven,2448,7,"0,29 %",2817,2455,"87,15 %",565,906,530,184,59,59,83,24,10,4,12,6,0,4,1,1,0,0,0,0,0,0,0,0,0
11291,657,Bruinisse,2112,5,"0,24 %",2360,2117,"89,70 %",634,561,321,89,27,368,25,71,7,3,3,0,0,0,1,1,0,0,1,0,0,0,0,0,0
10798,213,Brummen,13187,43,"0,33 %",15579,13230,"84,92 %",3622,5594,2213,1036,384,35,58,66,47,10,72,18,8,4,5,9,6,0,0,0,0,0,0,0,0
10533,899,Brunssum,17449,86,"0,49 %",23360,17535,"75,06 %",6610,7802,1082,856,419,14,132,42,114,207,31,28,47,36,12,7,6,0,4,0,0,0,0,0,0
10219,759,Budel,6788,14,"0,21 %",8773,6802,"77,53 %",3755,1887,584,317,117,13,8,12,27,19,15,9,7,2,3,5,0,0,8,0,0,0,0,0,0
10820,312,Bunnik,9212,18,"0,20 %",10506,9230,"87,85 %",3917,1726,1779,924,489,149,79,44,45,9,23,10,4,5,3,1,0,0,1,0,1,3,0,0,0
11343,313,Bunschoten,11007,40,"0,36 %",12186,11047,"90,65 %",4902,756,811,315,88,375,3042,644,50,2,9,1,3,2,4,0,2,0,0,0,0,1,0,0,0
11286,214,Buren,6174,14,"0,23 %",7282,6188,"84,98 %",1758,2010,1457,458,143,154,27,43,56,18,29,5,0,0,6,6,1,2,1,0,0,0,0,0,0
10281,381,Bussum,20306,21,"0,10 %",25336,20327,"80,23 %",6399,4665,5355,1948,1007,158,242,168,125,19,94,22,53,19,10,9,6,3,1,0,3,0,0,0,0
10559,382,Callantsoog,1641,1,"0,06 %",1949,1642,"84,25 %",468,454,499,118,57,3,5,8,4,8,8,3,1,4,0,1,0,0,0,0,0,0,0,0,0
11248,502,Capelle aan den IJssel,32696,42,"0,13 %",43168,32738,"75,84 %",7698,10449,6348,3486,975,1883,750,261,471,133,104,39,23,24,29,10,7,0,3,0,3,0,0,0,0
11287,383,Castricum,14848,36,"0,24 %",17464,14884,"85,23 %",5312,3499,3162,1785,748,14,72,35,56,18,80,25,7,8,10,6,2,8,1,0,0,0,0,0,0
11433,760,Chaam,2447,6,"0,25 %",2738,2453,"89,59 %",1401,469,334,156,58,0,0,2,8,2,4,5,0,1,1,6,0,0,0,0,0,0,0,0,0
10383,109,Coevorden,9444,38,"0,40 %",10959,9482,"86,52 %",3493,4139,957,453,177,12,45,93,24,11,17,6,0,9,4,2,2,0,0,0,0,0,0,0,0
11316,314,Cothen,1579,1,"0,06 %",1808,1580,"87,39 %",944,259,186,98,33,32,3,9,6,2,1,1,1,1,0,1,2,0,0,0,0,0,0,0,0
11346,611,Cromstrijen,7557,9,"0,12 %",9007,7566,"84,00 %",2112,2574,1413,635,170,464,38,79,34,4,14,5,4,3,4,4,0,0,0,0,0,0,0,0,0
10023,761,Cuijk en Sint Agatha,9668,22,"0,23 %",12281,9690,"78,90 %",4011,3419,944,752,353,7,9,5,68,45,19,23,1,3,1,3,1,0,4,0,0,0,0,0,0
10342,216,Culemborg,12147,5,"0,04 %",15199,12152,"79,95 %",4053,3899,1952,1016,472,201,58,54,151,219,30,14,0,9,5,9,0,4,1,0,0,0,0,0,0
11004,110,Dalen,3795,10,"0,26 %",4073,3805,"93,42 %",936,1547,966,233,77,2,11,9,6,1,3,2,0,0,0,2,0,0,0,0,0,0,0,0,0
11007,148,Dalfsen,10055,16,"0,16 %",11174,10071,"90,13 %",5790,1613,1028,470,152,52,785,113,13,3,12,8,3,0,9,0,3,1,0,0,0,0,0,0,0
10650,65,Dantumadeel,12049,41,"0,34 %",13850,12090,"87,29 %",4890,4133,717,512,213,697,363,454,18,3,21,6,0,5,6,5,5,0,1,0,0,0,0,0,0
10168,310,De Bilt,21595,64,"0,30 %",25030,21659,"86,53 %",6506,4869,5761,2488,880,262,380,166,127,34,74,23,3,5,4,6,1,0,1,1,0,4,0,0,0
10241,552,De Lier,6167,13,"0,21 %",7172,6180,"86,17 %",3943,579,931,352,97,42,124,25,47,4,9,5,4,1,2,1,1,0,0,0,0,0,0,0,0
11379,736,De Ronde Venen,18652,64,"0,34 %",22661,18716,"82,59 %",8833,2528,4282,1506,458,369,198,295,109,8,23,14,12,4,3,2,2,0,3,1,1,1,0,0,0
10753,135,De Wijk,3253,8,"0,25 %",3711,3261,"87,87 %",926,1091,848,245,70,4,33,4,13,3,10,0,0,3,2,1,0,0,0,0,0,0,0,0,0
10928,503,Delft,54129,167,"0,31 %",68722,54296,"79,01 %",14504,18265,7743,6706,4180,501,523,375,572,179,269,106,63,28,35,45,16,0,19,0,0,0,0,0,0
10976,10,Delfzijl,14106,31,"0,22 %",17733,14137,"79,72 %",3178,6863,1765,1039,473,25,274,230,73,57,31,15,0,31,41,6,4,0,1,0,0,0,0,0,0
10491,768,Den Dungen,2772,13,"0,47 %",3238,2785,"86,01 %",1510,806,198,148,59,2,3,1,5,22,7,4,3,0,0,2,1,0,1,0,0,0,0,0,0
10395,159,Den Ham,9054,25,"0,28 %",10440,9079,"86,96 %",4930,2458,452,238,104,77,444,317,8,0,11,2,3,2,5,1,0,0,2,0,0,0,0,0,0
10285,400,Den Helder,33431,92,"0,28 %",46808,33523,"71,62 %",9976,10640,7256,3096,839,168,430,420,280,56,84,42,28,18,28,19,11,33,7,0,0,0,0,0,0
10245,149,Denekamp,8348,17,"0,20 %",9204,8365,"90,88 %",5874,1409,538,320,130,17,4,11,15,2,8,9,1,0,1,3,0,6,0,0,0,0,0,0,0
10379,762,Deurne,17061,51,"0,30 %",21594,17112,"79,24 %",9952,3954,1528,871,513,14,27,5,69,59,23,11,12,7,6,6,0,0,4,0,0,0,0,0,0
10899,150,Deventer,39951,128,"0,32 %",49258,40079,"81,37 %",9015,18787,4974,3584,2425,86,247,212,226,46,132,56,37,27,15,39,14,28,1,0,0,0,0,0,0
10153,218,Didam,10137,37,"0,36 %",12239,10174,"83,13 %",5176,3405,742,543,181,2,15,3,18,8,19,13,0,3,5,0,2,2,0,0,0,0,0,0,0
11039,384,Diemen,10448,43,"0,41 %",13607,10491,"77,10 %",2450,3391,2261,1269,572,13,52,27,247,16,45,28,20,15,13,2,5,19,1,0,2,0,0,0,0
10311,151,Diepenheim,1905,0,"0,00 %",2072,1905,"91,94 %",562,755,399,122,34,9,3,5,2,1,6,1,3,2,0,1,0,0,0,0,0,0,0,0,0
10933,152,Diepenveen,7325,14,"0,19 %",8118,7339,"90,40 %",3450,1705,1328,554,185,5,35,23,13,1,14,2,4,0,2,1,2,1,0,0,0,0,0,0,0
11185,763,Diessen,2534,9,"0,36 %",2911,2543,"87,36 %",1784,347,186,105,86,2,3,4,3,3,4,4,0,1,1,1,0,0,0,0,0,0,0,0,0
10418,111,Diever,2517,5,"0,20 %",2732,2522,"92,31 %",706,1023,490,157,77,1,34,7,7,2,9,0,0,1,2,1,0,0,0,0,0,0,0,0,0
11193,764,Dinteloord en Prinsenland,3495,22,"0,63 %",4220,3517,"83,34 %",1259,1137,503,145,78,237,11,68,34,5,5,8,0,0,3,1,1,0,0,0,0,0,0,0,0
11154,219,Dinxperlo,4661,24,"0,51 %",5789,4685,"80,93 %",2641,1260,387,157,84,2,22,61,16,4,13,4,0,0,0,1,3,4,2,0,0,0,0,0,0
11344,504,Dirksland,4650,15,"0,32 %",5498,4665,"84,85 %",1294,1165,544,211,93,1147,38,117,16,5,12,5,0,0,0,3,0,0,0,0,0,0,0,0,0
10647,220,Dodewaard,2531,6,"0,24 %",2929,2537,"86,62 %",864,933,277,94,35,257,18,43,3,1,1,3,0,0,1,1,0,0,0,0,0,0,0,0,0
10327,221,Doesburg,6239,20,"0,32 %",7704,6259,"81,24 %",1933,2635,755,417,178,14,59,18,34,163,15,8,0,2,2,1,3,2,0,0,0,0,0,0,0
10396,222,Doetinchem,25431,78,"0,31 %",31044,25509,"82,17 %",8916,9849,3177,1856,876,200,113,139,99,28,54,30,0,4,10,5,51,22,2,0,0,0,0,0,0
10236,660,Domburg,3014,8,"0,27 %",3014,3022,"100,27 %",1092,630,550,194,91,295,51,70,12,1,20,2,0,1,3,1,1,0,0,0,0,0,0,0,0
11412,766,Dongen,12670,4,"0,03 %",15781,12674,"80,31 %",5677,3514,1442,1001,337,35,13,14,45,516,27,11,0,6,13,13,4,0,2,0,0,0,0,0,0
10198,58,Dongeradeel,15711,37,"0,24 %",17888,15748,"88,04 %",8574,3924,1111,649,374,183,450,339,24,10,37,6,0,6,9,12,2,0,1,0,0,0,0,0,0
10213,315,Doorn,6843,16,"0,23 %",8163,6859,"84,03 %",2296,1268,1993,611,205,222,86,86,25,0,27,6,6,1,6,2,1,0,1,0,1,0,0,0,0
11157,505,Dordrecht,59352,209,"0,35 %",80270,59561,"74,20 %",15449,22755,8721,4993,2663,1676,739,756,954,153,235,62,52,42,46,17,13,0,26,0,0,0,0,0,0
10642,498,Drechterland,5226,11,"0,21 %",6143,5237,"85,25 %",2691,1011,873,348,204,7,17,21,25,3,11,3,3,0,4,0,2,3,0,0,0,0,0,0,0
10777,316,Driebergen-Rijsenburg,11793,20,"0,17 %",13906,11813,"84,95 %",4008,2507,2617,1105,473,477,215,155,77,14,109,20,9,2,1,1,1,0,1,1,0,0,0,0,0
10210,303,Dronten,14337,43,"0,30 %",16964,14380,"84,77 %",5776,3346,2668,988,447,141,506,276,99,8,26,25,0,9,13,5,3,0,1,0,0,0,0,0,0
10428,767,Drunen,10417,37,"0,36 %",12656,10454,"82,60 %",5241,2578,1336,738,276,17,21,12,60,71,22,14,14,1,1,5,7,0,3,0,0,0,0,0,0
10068,225,Druten,8623,20,"0,23 %",10827,8643,"79,83 %",3847,3217,770,472,219,10,6,2,31,11,15,7,0,2,3,5,3,3,0,0,0,0,0,0,0
11237,662,Duiveland,3436,9,"0,26 %",3911,3445,"88,08 %",868,836,510,152,41,914,31,68,4,0,6,2,0,2,1,1,0,0,0,0,0,0,0,0,0
11028,226,Duiven,8880,33,"0,37 %",10538,8913,"84,58 %",4112,2424,1192,761,226,4,40,15,41,12,14,17,0,5,7,3,3,3,1,0,0,0,0,0,0
10261,769,Dussen,3826,4,"0,10 %",4530,3830,"84,55 %",1899,968,451,192,86,112,18,50,25,2,12,2,4,0,2,1,1,0,1,0,0,0,0,0,0
10331,112,Dwingeloo,2818,11,"0,39 %",2918,2829,"96,95 %",744,1139,611,190,76,9,19,8,3,4,7,1,0,3,3,0,1,0,0,0,0,0,0,0,0
10941,902,Echt,10429,64,"0,61 %",13463,10493,"77,94 %",4972,3733,899,416,277,9,20,6,31,5,19,9,9,4,6,8,5,0,1,0,0,0,0,0,0
10832,227,Echteld,4208,14,"0,33 %",4784,4222,"88,25 %",1111,1596,599,168,50,542,34,77,14,5,8,1,0,0,0,0,0,3,0,0,0,0,0,0,0
10884,385,Edam-Volendam,15084,39,"0,26 %",17835,15123,"84,79 %",8813,2619,2198,821,360,17,49,21,78,6,37,29,13,4,8,3,2,3,3,0,0,0,0,0,0
10743,228,Ede,56155,128,"0,23 %",66813,56283,"84,24 %",22328,10157,9108,3550,1412,6231,988,1597,305,188,137,46,20,14,50,12,8,0,4,0,0,0,0,0,0
10622,113,Eelde,7137,26,"0,36 %",8158,7163,"87,80 %",1370,2615,1918,893,198,6,30,24,21,10,19,7,0,6,18,1,1,0,0,0,0,0,0,0,0
10248,317,Eemnes,4560,8,"0,18 %",5363,4568,"85,18 %",1794,893,1062,448,149,74,29,53,15,3,19,9,3,3,3,2,0,0,0,0,1,0,0,0,0
10904,11,Eenrum,1619,3,"0,19 %",1816,1622,"89,32 %",166,953,249,78,93,1,50,6,4,2,6,2,0,0,7,0,1,0,1,0,0,0,0,0,0
10741,770,Eersel,7600,11,"0,14 %",8999,7611,"84,58 %",4429,1364,878,550,255,14,11,23,17,10,26,8,7,0,4,1,2,0,1,0,0,0,0,0,0
10421,357,Egmond,7391,34,"0,46 %",8792,7425,"84,45 %",2947,2160,1297,517,319,6,18,19,51,6,24,9,8,3,4,0,0,2,1,0,0,0,0,0,0
10436,229,Eibergen,10764,34,"0,32 %",12262,10798,"88,06 %",5882,2884,951,556,318,7,33,19,15,26,21,7,0,1,3,4,2,34,1,0,0,0,0,0,0
10314,905,Eijsden,6897,20,"0,29 %",8493,6917,"81,44 %",3484,1979,819,364,194,5,13,6,9,0,14,5,1,3,0,0,0,0,1,0,0,0,0,0,0
11298,772,Eindhoven,108380,222,"0,20 %",147983,108602,"73,39 %",41212,34699,13380,9817,5433,203,604,395,737,867,406,223,162,46,75,76,21,0,24,0,0,0,0,0,0
11113,230,Elburg,12601,32,"0,25 %",14543,12633,"86,87 %",5082,1856,1620,477,186,2132,362,798,39,9,13,5,8,2,5,5,1,0,1,0,0,0,0,0,0
11188,231,Elst,10769,1,"0,01 %",13517,10770,"79,68 %",5101,3009,1336,851,294,38,31,18,32,28,16,6,0,1,2,1,4,1,0,0,0,0,0,0,0
11180,114,Emmen,60701,202,"0,33 %",70617,60903,"86,24 %",17265,32119,4888,2989,1506,72,605,589,145,253,109,41,0,31,39,28,18,0,4,0,0,0,0,0,0
10729,388,Enkhuizen,9792,37,"0,38 %",11799,9829,"83,30 %",3044,3552,1409,776,478,167,70,120,49,25,32,21,12,18,7,4,1,7,0,0,0,0,0,0,0
10364,153,Enschede,85686,55,"0,06 %",108583,85741,"78,96 %",23627,37205,10353,6600,3446,207,2334,631,371,276,160,64,23,112,30,27,14,183,23,0,0,0,0,0,0
10940,232,Epe,21917,64,"0,29 %",25606,21981,"85,84 %",7426,7166,3891,1487,462,736,181,354,88,13,38,22,12,6,10,15,7,0,3,0,0,0,0,0,0
10732,233,Ermelo,15997,15,"0,09 %",18818,16012,"85,09 %",7836,1935,2625,929,460,728,738,507,82,67,43,10,9,2,12,5,4,0,5,0,0,0,0,0,0
10385,775,Erp,3978,10,"0,25 %",4494,3988,"88,74 %",2827,631,265,145,54,0,3,4,5,23,2,4,3,1,2,5,1,0,3,0,0,0,0,0,0
10709,776,Esch,1301,1,"0,08 %",1467,1302,"88,75 %",763,290,89,102,40,1,5,1,3,1,3,1,0,0,0,1,1,0,0,0,0,0,0,0,0
10750,777,Etten-Leur,18052,52,"0,29 %",23442,18104,"77,23 %",7307,5913,2403,1579,496,12,42,42,128,32,46,27,0,5,5,9,5,0,1,0,0,0,0,0,0
10136,12,Ezinge,1212,3,"0,25 %",1330,1215,"91,35 %",361,471,165,92,80,3,27,4,4,3,0,0,0,0,2,0,0,0,0,0,0,0,0,0,0
11284,68,Ferwerderadeel,5592,16,"0,29 %",6501,5608,"86,26 %",2799,1418,522,307,135,22,297,57,11,1,6,5,0,5,6,1,0,0,0,0,0,0,0,0,0
10206,778,Fijnaart en Heijningen,3907,8,"0,20 %",4814,3915,"81,33 %",1636,1334,504,199,96,36,18,40,22,0,7,7,0,0,2,4,2,0,0,0,0,0,0,0,0
10212,13,Finsterwolde,1797,9,"0,50 %",2059,1806,"87,71 %",93,1115,136,44,253,1,6,9,3,2,2,0,0,131,2,0,0,0,0,0,0,0,0,0,0
10404,70,Franekeradeel,12979,47,"0,36 %",15346,13026,"84,88 %",5047,4701,1492,802,391,35,180,187,37,18,26,21,0,16,13,7,4,0,2,0,0,0,0,0,0
0,653,Gaasterlan-Sleat,5989,24,"0,40 %",6824,6013,"88,12 %",3244,1247,623,336,137,148,67,133,21,6,6,10,0,5,3,2,0,0,1,0,0,0,0,0,0
11099,115,Gasselte,2916,8,"0,27 %",3256,2924,"89,80 %",526,1626,474,162,68,4,15,14,7,2,7,2,0,0,7,0,0,0,2,0,0,0,0,0,0
10101,779,Geertruidenberg,3904,16,"0,41 %",5079,3920,"77,18 %",1426,1486,490,300,104,3,8,11,40,14,9,10,0,1,1,0,1,0,0,0,0,0,0,0,0
10370,780,Geffen,2873,12,"0,42 %",3577,2885,"80,65 %",1583,762,211,119,50,0,8,1,15,112,1,2,1,2,3,3,0,0,0,0,0,0,0,0,0
10881,236,Geldermalsen,14105,57,"0,40 %",16375,14162,"86,49 %",4931,4150,2459,818,347,1026,87,99,109,17,31,13,0,1,2,2,1,12,0,0,0,0,0,0,0
10529,781,Geldrop,15355,31,"0,20 %",19624,15386,"78,40 %",6787,4186,2059,1359,606,11,37,63,66,52,47,20,28,12,4,6,4,0,8,0,0,0,0,0,0
10048,906,Geleen,19471,42,"0,22 %",26316,19513,"74,15 %",8414,7610,1478,956,654,21,41,27,113,48,23,20,34,6,7,6,7,0,6,0,0,0,0,0,0
10277,782,Gemert,10519,33,"0,31 %",13122,10552,"80,41 %",5427,3178,825,576,355,7,19,6,20,58,12,12,10,3,4,4,2,0,1,0,0,0,0,0,0
10260,237,Gendringen,12412,35,"0,28 %",14925,12447,"83,40 %",7016,3495,824,594,267,13,21,31,40,19,41,21,0,2,1,10,8,9,0,0,0,0,0,0,0
10440,238,Gendt,4332,29,"0,67 %",5263,4361,"82,86 %",2163,1445,342,248,94,5,1,5,11,2,6,4,0,0,0,3,1,1,1,0,0,0,0,0,0
10746,154,Genemuiden,4220,17,"0,40 %",4980,4237,"85,08 %",1272,689,238,84,20,1267,77,560,7,0,1,1,2,0,0,1,0,1,0,0,0,0,0,0,0
10542,907,Gennep,9250,32,"0,35 %",12267,9282,"75,67 %",4494,2624,881,800,333,5,10,9,31,10,24,11,5,2,4,3,3,0,1,0,0,0,0,0,0
10255,689,Giessenlanden,9279,25,"0,27 %",10406,9304,"89,41 %",3221,2484,1716,592,148,495,116,410,39,3,22,18,5,2,2,3,2,0,1,0,0,0,0,0,0
10506,116,Gieten,4073,23,"0,56 %",4631,4096,"88,45 %",680,1969,950,289,117,5,18,13,10,2,4,2,0,3,10,1,0,0,0,0,0,0,0,0,0
11375,784,Gilze en Rijen,13655,42,"0,31 %",16719,13697,"81,92 %",6485,3925,1575,1055,340,10,10,9,112,38,36,20,0,6,9,15,5,0,5,0,0,0,0,0,0
10981,511,Goedereede,7055,27,"0,38 %",7877,7082,"89,91 %",2174,1340,851,277,72,2000,69,218,24,9,5,5,0,3,3,3,0,0,2,0,0,0,0,0,0
10674,664,Goes,19740,64,"0,32 %",24493,19804,"80,86 %",6819,5983,2403,1417,748,1497,310,290,113,44,52,31,0,4,17,3,7,0,2,0,0,0,0,0,0
10971,785,Goirle,10819,24,"0,22 %",13555,10843,"79,99 %",4483,3338,1360,1030,443,8,32,20,30,19,27,11,0,2,2,8,3,0,3,0,0,0,0,0,0
10076,156,Goor,7875,16,"0,20 %",9061,7891,"87,09 %",2723,3171,1060,584,125,7,43,48,38,23,11,9,3,3,5,6,4,12,0,0,0,0,0,0,0
10942,512,Gorinchem,16413,70,"0,43 %",20713,16483,"79,58 %",4107,7008,2257,1228,638,380,186,254,197,34,54,9,23,11,8,13,3,0,3,0,0,0,0,0,0
10085,239,Gorssel,9622,18,"0,19 %",10819,9640,"89,10 %",3498,2518,2375,799,241,22,55,23,27,2,31,15,4,1,8,2,0,0,1,0,0,0,0,0,0
10302,513,Gouda,37160,105,"0,28 %",45906,37265,"81,18 %",10038,12414,5677,3968,1656,1420,532,435,685,70,111,46,43,16,21,13,6,0,4,0,5,0,0,0,0
10451,693,Graafstroom,5646,22,"0,39 %",6399,5668,"88,58 %",2465,792,593,202,107,1097,88,254,21,5,10,2,3,0,5,2,0,0,0,0,0,0,0,0,0
11417,365,Graft-De Rijp,3616,11,"0,30 %",4150,3627,"87,40 %",1234,909,904,334,161,9,4,1,21,0,17,5,4,4,5,1,1,2,0,0,0,0,0,0,0
11339,157,Gramsbergen,4044,9,"0,22 %",4384,4053,"92,45 %",1989,1298,318,135,60,9,171,47,6,4,4,1,0,1,0,0,0,0,1,0,0,0,0,0,0
11008,909,Grathem,1779,8,"0,45 %",2181,1787,"81,93 %",1153,324,169,86,20,1,5,2,9,1,4,4,0,0,0,0,0,0,1,0,0,0,0,0,0
10165,786,Grave,6175,9,"0,15 %",7764,6184,"79,65 %",2743,1666,832,536,233,11,14,12,28,67,9,5,10,1,1,2,1,0,4,0,0,0,0,0,0
10244,16,Grijpskerk,2754,6,"0,22 %",3085,2760,"89,47 %",1404,572,300,151,84,2,191,31,1,1,6,0,0,1,10,0,0,0,0,0,0,0,0,0,0
11094,240,Groenlo,5721,4,"0,07 %",6694,5725,"85,52 %",3419,1399,403,310,135,4,10,4,5,9,5,4,0,2,3,2,2,4,1,0,0,0,0,0,0
10616,241,Groesbeek,11355,56,"0,49 %",14365,11411,"79,44 %",4723,4651,839,570,373,8,15,20,47,49,21,15,0,1,5,11,2,4,1,0,0,0,0,0,0
10426,14,Groningen,109898,324,"0,29 %",137666,110222,"80,06 %",18329,49575,12735,11265,10238,163,4470,548,424,919,438,217,0,214,256,60,23,0,24,0,0,0,0,0,0
11080,15,Grootegast,5563,27,"0,49 %",6490,5590,"86,13 %",2891,1370,399,176,110,31,397,157,9,1,8,4,0,2,6,1,0,0,1,0,0,0,0,0,0
10176,912,Grubbenvorst,4190,7,"0,17 %",5082,4197,"82,59 %",2595,808,455,217,67,3,14,2,7,3,7,8,2,1,0,0,0,0,1,0,0,0,0,0,0
11032,913,Gulpen,4735,17,"0,36 %",5698,4752,"83,40 %",2315,1608,379,222,117,7,13,15,18,12,12,10,3,1,1,0,0,0,2,0,0,0,0,0,0
11435,158,Haaksbergen,14735,44,"0,30 %",16932,14779,"87,28 %",8155,3475,1723,858,325,10,39,26,38,15,22,9,9,5,0,3,3,18,2,0,0,0,0,0,0
11155,788,Haaren,3231,7,"0,22 %",3888,3238,"83,28 %",2026,546,324,196,104,1,6,1,3,6,7,3,0,1,2,2,2,0,1,0,0,0,0,0,0
10357,392,Haarlem,90781,285,"0,31 %",117230,91066,"77,68 %",25901,32135,14262,9233,5505,239,600,541,860,128,634,116,133,105,46,43,29,242,20,0,9,0,0,0,0
10508,393,Haarlemmerliede c.a.,3258,4,"0,12 %",3867,3262,"84,35 %",1409,683,616,314,122,14,14,17,30,6,23,2,2,4,0,0,0,2,0,0,0,0,0,0,0
11387,394,Haarlemmermeer,55786,110,"0,20 %",69523,55896,"80,40 %",20476,11689,13862,5461,1810,628,515,480,348,50,162,81,36,48,42,23,15,46,12,0,2,0,0,0,0
10321,914,Haelen,3743,8,"0,21 %",4569,3751,"82,10 %",2138,844,401,214,97,3,10,9,11,0,7,4,3,0,0,1,0,0,1,0,0,0,0,0,0
10387,789,Halsteren,7403,26,"0,35 %",9704,7429,"76,56 %",2875,2498,1044,587,209,21,16,15,67,10,19,25,0,3,4,8,1,0,1,0,0,0,0,0,0
11283,790,Haps,1825,7,"0,38 %",1880,1832,"97,45 %",1226,376,110,73,27,0,0,0,2,1,5,2,1,1,0,1,0,0,0,0,0,0,0,0,0
10174,160,Hardenberg,20811,40,"0,19 %",23025,20851,"90,56 %",10053,5009,1374,690,291,57,3040,222,24,7,14,15,4,2,2,4,2,1,0,0,0,0,0,0,0
10786,243,Harderwijk,20558,60,"0,29 %",24776,20618,"83,22 %",9380,3588,3256,1259,628,904,564,761,84,31,39,21,11,5,18,8,0,0,1,0,0,0,0,0,0
10167,523,Hardinxveld-Giessendam,10312,15,"0,15 %",12177,10327,"84,81 %",3067,2463,1004,508,126,1966,576,494,56,9,22,7,2,4,7,1,0,0,0,0,0,0,0,0,0
11058,17,Haren,12984,34,"0,26 %",14501,13018,"89,77 %",3665,3571,3141,1402,439,27,526,80,29,7,41,13,0,1,38,0,4,0,0,0,0,0,0,0,0
10963,395,Harenkarspel,3868,11,"0,28 %",4687,3879,"82,76 %",2124,748,528,239,139,1,23,7,13,4,23,3,8,1,2,1,1,2,1,0,0,0,0,0,0
10909,72,Harlingen,9724,24,"0,25 %",11573,9748,"84,23 %",2433,4581,1259,663,290,17,293,86,41,16,15,11,0,3,5,9,2,0,0,0,0,0,0,0,0
10183,318,Harmelen,4755,17,"0,36 %",5700,4772,"83,72 %",2230,740,1047,356,156,106,25,51,21,0,13,4,2,0,1,0,0,0,2,0,0,1,0,0,0
10115,161,Hasselt,4109,11,"0,27 %",4632,4120,"88,95 %",1578,940,324,170,75,212,486,304,3,3,10,1,1,0,0,0,1,1,0,0,0,0,0,0,0
10673,244,Hattem,7654,15,"0,20 %",8512,7669,"90,10 %",2696,2326,818,453,152,78,804,270,14,3,20,4,6,0,3,5,1,0,1,0,0,0,0,0,0
10186,117,Havelte,4072,16,"0,39 %",4594,4088,"88,99 %",727,1854,1073,241,109,2,15,16,10,2,16,2,0,1,3,1,0,0,0,0,0,0,0,0,0
11257,524,Hazerswoude,7042,20,"0,28 %",8242,7062,"85,68 %",3441,1078,1157,593,245,212,46,190,33,12,16,9,5,0,4,0,1,0,0,0,0,0,0,0,0
10982,245,Hedel,2480,5,"0,20 %",2845,2485,"87,35 %",1091,583,331,152,50,202,37,11,8,6,7,2,0,0,0,0,0,0,0,0,0,0,0,0,0
11208,915,Heel en Panheel,2194,8,"0,36 %",3217,2202,"68,45 %",1139,541,284,152,56,2,1,1,8,1,5,0,1,0,1,1,1,0,0,0,0,0,0,0,0
10679,396,Heemskerk,19678,48,"0,24 %",24805,19726,"79,52 %",7647,5858,2783,1835,977,78,114,60,115,24,78,29,24,16,19,4,3,13,0,0,1,0,0,0,0
11288,397,Heemstede,17662,44,"0,25 %",20623,17706,"85,86 %",6337,3040,5565,1742,576,34,99,54,75,3,68,13,11,2,5,4,4,28,1,0,1,0,0,0,0
10291,246,Heerde,11994,23,"0,19 %",13620,12017,"88,23 %",4621,3834,1326,505,136,419,345,733,24,4,20,9,1,1,5,3,3,0,5,0,0,0,0,0,0
10680,74,Heerenveen,24618,86,"0,35 %",28930,24704,"85,39 %",5619,12250,3156,1802,937,37,348,207,56,23,76,33,0,34,27,6,1,0,6,0,0,0,0,0,0
10067,247,Heerewaarden,781,3,"0,38 %",881,784,"88,99 %",154,405,162,28,19,4,2,0,2,1,2,0,0,0,2,0,0,0,0,0,0,0,0,0,0
10752,398,Heerhugowaard,19541,41,"0,21 %",24591,19582,"79,63 %",7564,5003,3703,1943,848,17,69,131,62,22,72,36,12,15,17,10,6,9,2,0,0,0,0,0,0
10540,526,Heerjansdam,2217,5,"0,23 %",2625,2222,"84,65 %",800,614,398,190,60,55,20,40,22,4,3,3,2,0,2,3,1,0,0,0,0,0,0,0,0
10902,917,Heerlen,52216,186,"0,36 %",72566,52402,"72,21 %",18912,21851,3985,2864,1752,70,205,114,458,1340,176,116,192,55,51,33,25,0,17,0,0,0,0,0,0
10149,791,Heesch,6784,22,"0,32 %",8292,6806,"82,08 %",3325,1724,697,444,123,2,1,7,7,433,6,4,3,0,1,3,1,0,3,0,0,0,0,0,0
10690,792,Heeswijk-Dinther,5269,21,"0,40 %",6151,5290,"86,00 %",3341,996,382,276,193,2,2,3,9,33,12,8,0,0,1,3,5,0,3,0,0,0,0,0,0
10462,793,Heeze,6020,15,"0,25 %",7018,6035,"85,99 %",3196,1341,811,453,149,1,9,5,10,9,12,12,7,1,0,2,1,0,1,0,0,0,0,0,0
10246,19,Hefshuizen,7061,22,"0,31 %",8018,7083,"88,34 %",2607,2517,661,211,159,25,761,48,5,8,8,5,0,3,36,2,5,0,0,0,0,0,0,0,0
10793,399,Heiloo,13715,46,"0,34 %",15910,13761,"86,49 %",5227,2985,3451,1255,482,14,50,61,59,9,73,17,11,7,9,2,2,1,0,0,0,0,0,0,0
10854,162,Heino,4787,9,"0,19 %",5317,4796,"90,20 %",2661,991,528,275,105,8,135,64,7,1,8,1,0,0,0,0,2,1,0,0,0,0,0,0,0
10205,918,Helden,10254,20,"0,20 %",13036,10274,"78,81 %",6621,1988,797,493,237,4,11,9,25,13,29,13,10,1,1,2,0,0,0,0,0,0,0,0,0
10806,163,Hellendoorn,22569,47,"0,21 %",25355,22616,"89,20 %",13751,4715,1594,926,412,149,476,433,34,10,15,19,11,1,6,1,7,9,0,0,0,0,0,0,0
11078,530,Hellevoetsluis,18249,62,"0,34 %",24111,18311,"75,94 %",3804,6865,3961,1976,831,122,111,110,260,42,65,30,28,7,12,14,9,0,2,0,0,0,0,0,0
10932,794,Helmond,36359,87,"0,24 %",49615,36446,"73,46 %",14262,13737,3800,2327,1105,31,80,47,232,478,68,42,33,62,23,16,5,0,11,0,0,0,0,0,0
10389,795,Helvoirt,2978,16,"0,54 %",3450,2994,"86,78 %",1569,619,444,229,73,5,8,2,9,8,4,7,0,1,0,0,0,0,0,0,0,0,0,0,0
10416,531,Hendrik-Ido-Ambacht,11815,3,"0,03 %",14090,11818,"83,88 %",3809,2750,2208,958,217,1379,183,189,64,9,25,9,6,4,2,2,1,0,0,0,0,0,0,0,0
10907,164,Hengelo,48357,117,"0,24 %",57027,48474,"85,00 %",18124,16523,5414,4026,1962,76,548,452,257,530,118,56,40,27,22,29,17,131,5,0,0,0,0,0,0
10359,248,Hengelo,5531,20,"0,36 %",6380,5551,"87,01 %",3007,1475,638,221,90,22,12,20,12,3,10,5,0,0,3,4,7,2,0,0,0,0,0,0,0
10138,919,Herten,2287,6,"0,26 %",2768,2293,"82,84 %",1203,555,282,147,68,4,2,0,11,4,1,4,5,0,0,0,0,0,1,0,0,0,0,0,0
10128,63,het Bildt,6381,29,"0,45 %",7441,6410,"86,14 %",2621,2402,624,297,221,16,54,70,20,5,17,12,0,8,8,4,1,0,1,0,0,0,0,0,0
10290,251,Heteren,5318,19,"0,36 %",6303,5337,"84,67 %",2452,1424,654,368,119,161,51,39,19,8,14,6,0,1,1,0,0,1,0,0,0,0,0,0,0
10600,252,Heumen,8448,3,"0,04 %",9952,8451,"84,92 %",4175,2039,1101,742,291,3,15,7,15,15,25,12,0,0,4,1,0,2,1,0,0,0,0,0,0
10307,797,Heusden,3187,14,"0,44 %",4029,3201,"79,45 %",1375,905,400,251,104,48,6,18,38,19,13,4,0,0,1,3,0,0,2,0,0,0,0,0,0
10840,920,Heythuysen,3603,10,"0,28 %",4451,3613,"81,17 %",2163,743,362,215,83,6,5,5,5,1,4,3,3,0,1,2,1,0,1,0,0,0,0,0,0
11236,534,Hillegom,12191,26,"0,21 %",14942,12217,"81,76 %",5688,2517,2351,933,395,59,54,49,55,14,41,18,8,1,1,1,4,0,1,0,1,0,0,0,0
11297,798,Hilvarenbeek,6194,35,"0,57 %",7388,6229,"84,31 %",3117,1576,767,455,206,1,12,7,18,6,13,4,0,4,1,6,0,0,1,0,0,0,0,0,0
11285,402,Hilversum,52778,149,"0,28 %",66745,52927,"79,30 %",15498,16386,10621,5000,2302,484,601,442,482,304,287,67,138,43,30,27,19,30,10,0,7,0,0,0,0
11358,253,Hoevelaken,5351,7,"0,13 %",6104,5358,"87,78 %",2058,983,1148,452,123,366,130,53,14,1,13,5,3,0,1,1,0,0,0,0,0,0,0,0,0
10065,799,Hoeven,4898,18,"0,37 %",6260,4916,"78,53 %",2248,1395,772,321,75,3,12,13,26,8,13,5,0,1,0,4,0,0,2,0,0,0,0,0,0
11246,165,Holten,6384,23,"0,36 %",6828,6407,"93,83 %",2697,1739,1290,418,80,31,37,44,23,1,7,3,2,0,5,1,3,3,0,0,0,0,0,0,0
11123,675,Hontenisse,4930,11,"0,22 %",5890,4941,"83,89 %",2376,1623,548,205,99,5,6,20,14,2,11,11,0,1,5,2,2,0,0,0,0,0,0,0,0
10476,801,Hooge en Lage Mierde,2456,2,"0,08 %",2741,2458,"89,68 %",1718,384,187,91,50,1,3,1,0,7,8,3,1,0,0,1,1,0,0,0,0,0,0,0,0
11318,802,Hooge en Lage Zwaluwe,3732,10,"0,27 %",4584,3742,"81,63 %",1591,1124,577,205,112,23,7,36,27,3,12,5,0,0,4,4,2,0,0,0,0,0,0,0,0
10657,800,Hoogeloon c.a.,5154,13,"0,25 %",6048,5167,"85,43 %",3192,970,536,281,115,2,5,6,15,6,14,3,1,0,5,2,0,0,1,0,0,0,0,0,0
10839,118,Hoogeveen,28496,84,"0,29 %",33421,28580,"85,52 %",11469,10012,2534,1518,720,296,851,830,98,37,30,28,0,21,31,10,6,0,5,0,0,0,0,0,0
10410,18,Hoogezand-Sappemeer,20816,46,"0,22 %",25821,20862,"80,79 %",3481,11464,2654,1347,847,26,498,146,88,65,41,29,0,34,65,16,7,0,8,0,0,0,0,0,0
11392,405,Hoorn,32198,73,"0,23 %",40386,32271,"79,91 %",8511,11189,6270,3292,1832,28,116,172,322,36,188,77,39,53,17,14,13,22,7,0,0,0,0,0,0
11176,922,Horn,2240,8,"0,36 %",2897,2248,"77,60 %",1173,537,320,117,72,2,1,3,6,1,2,2,2,0,1,0,1,0,0,0,0,0,0,0,0
11108,923,Horst,11105,18,"0,16 %",13477,11123,"82,53 %",7278,2170,789,473,214,11,20,8,28,74,13,13,5,0,3,2,3,0,1,0,0,0,0,0,0
10230,321,Houten,14561,25,"0,17 %",16984,14586,"85,88 %",5751,3047,2389,1477,668,472,317,232,95,44,28,17,7,5,3,2,1,0,2,1,1,2,0,0,0
10466,803,Huijbergen,1261,3,"0,24 %",1535,1264,"82,35 %",649,254,212,93,33,1,4,3,5,2,2,1,0,0,1,1,0,0,0,0,0,0,0,0,0
11047,255,Huissen,9443,31,"0,33 %",11268,9474,"84,08 %",4286,2677,1346,762,237,11,23,19,30,10,11,7,0,3,6,6,1,7,1,0,0,0,0,0,0
11170,406,Huizen,24181,23,"0,10 %",29672,24204,"81,57 %",8602,4865,5302,2361,872,765,414,676,118,38,69,22,28,20,9,7,4,6,2,0,1,0,0,0,0
11408,677,Hulst,9932,51,"0,51 %",13205,9983,"75,60 %",4038,3577,1328,577,237,9,17,28,63,3,32,12,0,3,3,1,3,0,1,0,0,0,0,0,0
11235,256,Hummelo en Keppel,3063,9,"0,29 %",3476,3072,"88,38 %",1163,873,694,237,51,10,6,3,9,7,2,5,0,0,1,1,1,0,0,0,0,0,0,0,0
10784,925,Hunsel,3401,11,"0,32 %",4138,3412,"82,46 %",2169,685,270,149,79,1,1,0,21,9,10,7,0,0,0,0,0,0,0,0,0,0,0,0,0
10858,195,IJsselham,3576,7,"0,20 %",3886,3583,"92,20 %",1557,1073,512,181,84,6,61,66,7,2,13,6,0,0,3,2,0,3,0,0,0,0,0,0,0
10641,191,IJsselmuiden,8045,20,"0,25 %",8889,8065,"90,73 %",3701,1035,448,207,83,1571,242,723,11,3,9,3,1,0,7,0,1,0,0,0,0,0,0,0,0
10152,353,IJsselstein,11873,30,"0,25 %",14541,11903,"81,86 %",4655,2928,2031,1253,396,322,57,79,76,18,23,11,10,4,2,3,0,0,0,1,1,3,0,0,0
10809,407,Ilpendam,2130,6,"0,28 %",2471,2136,"86,44 %",721,516,552,143,100,4,12,14,27,0,12,5,1,19,1,2,0,0,1,0,0,0,0,0,0
10481,408,Jisp,660,1,"0,15 %",766,661,"86,29 %",173,238,143,63,35,0,0,2,1,0,2,2,0,0,0,0,0,1,0,0,0,0,0,0,0
10253,166,Kampen,20711,48,"0,23 %",23891,20759,"86,89 %",7488,6087,1489,1105,937,1112,1001,1269,115,15,34,15,12,7,11,6,3,3,2,0,0,0,0,0,0
10372,20,Kantens,1117,2,"0,18 %",1291,1119,"86,68 %",246,474,132,42,50,6,134,10,2,2,4,5,0,3,6,1,0,0,0,0,0,0,0,0,0
11223,678,Kapelle,6469,25,"0,39 %",7633,6494,"85,08 %",2617,1512,908,444,140,530,101,121,62,1,19,9,0,1,4,0,0,0,0,0,0,0,0,0,0
10707,537,Katwijk,22306,32,"0,14 %",28453,22338,"78,51 %",10596,3444,2128,1046,383,3132,332,1014,111,16,41,11,15,10,17,5,3,0,0,0,2,0,0,0,0
11136,409,Katwoude,158,0,"0,00 %",174,158,"90,80 %",67,22,51,11,4,0,1,1,0,0,1,0,0,0,0,0,0,0,0,0,0,0,0,0,0
10313,928,Kerkrade,28667,154,"0,54 %",39852,28821,"72,32 %",9981,14390,1722,1021,636,25,83,17,144,342,71,57,97,17,18,21,16,0,9,0,0,0,0,0,0
10791,257,Kerkwijk,3750,13,"0,35 %",4365,3763,"86,21 %",1399,661,364,141,54,995,47,65,7,6,7,2,0,0,0,2,0,0,0,0,0,0,0,0,0
10890,929,Kessel,2485,7,"0,28 %",2940,2492,"84,76 %",1558,541,201,125,41,1,7,2,5,0,3,0,0,0,0,0,1,0,0,0,0,0,0,0,0
10916,258,Kesteren,5469,6,"0,11 %",6453,5475,"84,84 %",1453,1464,475,196,87,1656,37,67,20,2,4,3,0,0,1,1,1,0,2,0,0,0,0,0,0
10628,21,Kloosterburen,1120,3,"0,27 %",1296,1123,"86,65 %",482,391,113,52,47,2,10,8,4,4,1,0,0,1,4,0,0,0,1,0,0,0,0,0,0
10656,804,Klundert,4057,11,"0,27 %",4894,4068,"83,12 %",1960,915,540,230,84,96,53,135,30,1,7,3,0,0,2,1,0,0,0,0,0,0,0,0,0
10984,79,Kollumerland c.a.,7701,30,"0,39 %",8956,7731,"86,32 %",4059,2145,516,271,155,143,186,173,18,6,12,7,0,2,0,5,3,0,0,0,0,0,0,0,0
10914,588,Korendijk,6135,19,"0,31 %",7303,6154,"84,27 %",1676,1577,1097,414,138,1030,51,60,48,3,21,7,2,2,3,3,2,0,1,0,0,0,0,0,0
10250,682,Kortgene,2485,1,"0,04 %",2804,2486,"88,66 %",776,850,452,159,62,128,12,25,12,1,7,0,0,0,0,0,0,0,1,0,0,0,0,0,0
10029,540,Koudekerk aan den Rijn,2846,8,"0,28 %",3345,2854,"85,32 %",1252,600,533,236,97,38,13,20,32,7,6,9,2,0,0,1,0,0,0,0,0,0,0,0,0
10859,542,Krimpen aan den IJssel,17046,49,"0,29 %",20470,17095,"83,51 %",4305,5037,2977,1476,453,2041,316,158,156,24,45,15,13,5,17,5,3,0,0,0,0,0,0,0,0
11335,882,Landgraaf,23296,130,"0,56 %",30396,23426,"77,07 %",8109,10743,1787,1232,567,18,50,34,193,290,63,59,73,23,11,20,16,0,8,0,0,0,0,0,0
11225,415,Landsmeer,6043,18,"0,30 %",7068,6061,"85,75 %",1105,2212,1418,750,391,12,15,29,56,6,16,9,1,12,3,3,4,1,0,0,0,0,0,0,0
11413,325,Langbroek,1315,6,"0,46 %",1466,1321,"90,11 %",529,253,153,55,40,208,26,40,3,3,3,1,0,0,0,1,0,0,0,0,0,0,0,0,0
10955,416,Langedijk,9373,21,"0,22 %",11129,9394,"84,41 %",4065,1973,1779,753,405,22,88,121,58,8,52,8,14,13,1,5,3,2,3,0,0,0,0,0,0
10649,417,Laren (NH.),7947,3,"0,04 %",9542,7950,"83,32 %",2784,1384,2625,690,285,15,44,22,27,0,27,11,15,7,3,3,3,1,1,0,0,0,0,0,0
10604,22,Leek,11058,26,"0,24 %",12903,11084,"85,90 %",3199,4148,1502,812,377,35,760,98,35,7,31,10,0,9,28,3,1,0,3,0,0,0,0,0,0
11017,805,Leende,2736,8,"0,29 %",3119,2744,"87,98 %",1794,357,347,162,46,5,2,1,4,5,7,2,1,0,1,2,0,0,0,0,0,0,0,0,0
11050,23,Leens,2271,6,"0,26 %",2618,2277,"86,97 %",696,801,228,82,115,5,292,20,4,4,4,5,0,3,10,0,2,0,0,0,0,0,0,0,0
10685,545,Leerdam,10981,45,"0,41 %",13176,11026,"83,68 %",3393,3499,1654,644,228,820,211,347,125,12,16,9,8,4,2,6,3,0,0,0,0,0,0,0,0
11142,326,Leersum,4529,12,"0,26 %",5181,4541,"87,65 %",1432,992,1176,365,130,262,57,44,34,7,14,3,3,3,2,0,4,0,0,1,0,0,0,0,0
11228,80,Leeuwarden,55602,188,"0,34 %",66832,55790,"83,48 %",12803,27087,6085,4634,2776,122,805,532,221,137,184,89,0,38,34,35,11,0,9,0,0,0,0,0,0
10851,81,Leeuwarderadeel,5993,13,"0,22 %",6735,6006,"89,18 %",1973,2432,710,489,182,14,81,50,8,20,20,7,0,3,1,0,2,0,1,0,0,0,0,0,0
10702,546,Leiden,66494,211,"0,32 %",85164,66705,"78,33 %",14697,25276,10700,7651,4585,311,478,254,666,955,349,99,287,63,18,65,18,0,15,0,7,0,0,0,0
10058,547,Leiderdorp,14095,37,"0,26 %",16819,14132,"84,02 %",4720,3271,3316,1743,481,162,102,64,96,36,55,10,23,2,6,6,2,0,0,0,0,0,0,0,0
10742,548,Leidschendam,20829,70,"0,34 %",25233,20899,"82,82 %",8338,4394,4276,2360,684,66,137,79,236,72,69,38,40,1,21,7,2,0,7,0,2,0,0,0,0
11351,549,Leimuiden,2928,19,"0,65 %",3513,2947,"83,89 %",1606,399,604,162,82,15,10,19,14,2,8,3,1,1,0,1,1,0,0,0,0,0,0,0,0
11110,995,Lelystad,29673,88,"0,30 %",38990,29761,"76,33 %",5990,11915,5256,3268,1452,141,323,242,579,102,181,83,0,51,40,24,18,0,8,0,0,0,0,0,0
10142,82,Lemsterland,7171,21,"0,29 %",8391,7192,"85,71 %",2605,2863,717,405,168,61,43,158,13,3,14,6,0,100,7,3,3,0,2,0,0,0,0,0,0
10978,327,Leusden,16867,48,"0,28 %",19409,16915,"87,15 %",6537,3030,3847,1689,563,278,660,118,55,13,34,14,8,4,9,3,1,0,1,1,1,1,0,0,0
10242,260,Lichtenvoorde,11584,33,"0,28 %",13327,11617,"87,17 %",7360,2290,948,541,335,5,19,5,23,5,21,13,0,0,2,10,1,6,0,0,0,0,0,0,0
10390,806,Liempde,2743,9,"0,33 %",3177,2752,"86,62 %",1664,678,187,135,44,3,4,2,6,10,2,3,0,0,1,1,3,0,0,0,0,0,0,0,0
11093,261,Lienden,4267,22,"0,52 %",5023,4289,"85,39 %",1235,1661,646,172,55,362,30,64,12,6,18,4,0,1,0,1,0,0,0,0,0,0,0,0,0
10637,807,Lieshout,3705,7,"0,19 %",4385,3712,"84,65 %",2126,879,348,188,99,1,2,3,15,21,14,4,3,0,0,1,0,0,1,0,0,0,0,0,0
11205,694,Liesveld,5609,24,"0,43 %",6389,5633,"88,17 %",2015,1133,781,253,97,814,199,253,32,2,13,4,0,1,4,5,2,0,1,0,0,0,0,0,0
11370,418,Limmen,3504,20,"0,57 %",4065,3524,"86,69 %",1830,593,628,285,122,2,6,5,9,1,10,2,2,3,2,1,1,1,1,0,0,0,0,0,0
11376,733,Lingewaal,6382,9,"0,14 %",7447,6391,"85,82 %",2423,1951,972,345,110,292,81,131,33,8,17,6,0,2,1,3,2,5,0,0,0,0,0,0,0
10990,932,Linne,2450,7,"0,29 %",2987,2457,"82,26 %",1205,758,286,115,56,2,7,2,11,0,0,4,1,0,2,0,1,0,0,0,0,0,0,0,0
10197,553,Lisse,13179,19,"0,14 %",15502,13198,"85,14 %",6044,2155,2540,968,396,682,120,122,46,13,37,23,17,5,4,4,2,0,1,0,0,0,0,0,0
11219,808,Lith,3756,8,"0,21 %",4451,3764,"84,57 %",2120,915,327,189,62,1,3,2,10,113,4,2,4,0,1,3,0,0,0,0,0,0,0,0,0
10422,140,Littenseradiel,6458,7,"0,11 %",7289,6465,"88,70 %",2644,1979,926,455,256,13,50,48,14,10,34,15,0,2,5,2,3,0,2,0,0,0,0,0,0
11263,262,Lochem,11928,38,"0,32 %",14023,11966,"85,33 %",3800,3972,2481,1024,419,7,45,49,37,13,32,19,13,4,8,1,3,0,1,0,0,0,0,0,0
11202,329,Loenen,5427,9,"0,17 %",6266,5436,"86,75 %",2024,1087,1327,498,163,117,80,60,33,2,17,5,8,1,3,1,0,0,0,1,0,0,0,0,0
11259,809,Loon op Zand,13059,41,"0,31 %",16122,13100,"81,26 %",6511,3456,1701,746,330,97,30,7,70,47,32,17,0,1,0,7,4,0,3,0,0,0,0,0,0
10639,330,Loosdrecht,5646,12,"0,21 %",6715,5658,"84,26 %",2036,930,1852,481,113,80,48,39,35,3,12,3,9,0,2,1,0,0,0,0,0,2,0,0,0
10333,331,Lopik,7655,17,"0,22 %",8913,7672,"86,08 %",3994,1242,859,363,113,760,67,178,42,8,15,5,0,0,4,2,1,0,1,0,1,0,0,0,0
10934,24,Loppersum,2539,6,"0,24 %",2835,2545,"89,77 %",920,861,268,140,112,12,171,28,2,3,10,2,0,0,9,0,1,0,0,0,0,0,0,0,0
11166,168,Losser,14330,37,"0,26 %",16822,14367,"85,41 %",7757,4256,1038,715,370,11,25,37,34,7,23,6,7,4,3,3,6,25,3,0,0,0,0,0,0
10011,810,Luyksgestel,1847,5,"0,27 %",2049,1852,"90,39 %",1145,357,169,97,46,8,8,2,5,0,7,1,1,0,0,1,0,0,0,0,0,0,0,0,0
11143,811,Maarheeze,5486,13,"0,24 %",6627,5499,"82,98 %",3198,1050,768,288,103,8,4,4,20,7,6,12,1,4,3,8,1,0,1,0,0,0,0,0,0
10392,332,Maarn,3923,2,"0,05 %",4339,3925,"90,46 %",1293,697,1183,380,103,157,45,15,27,6,10,0,1,0,3,3,0,0,0,0,0,0,0,0,0
10191,333,Maarssen,22090,85,"0,38 %",27345,22175,"81,09 %",7242,5768,4858,2431,796,151,161,275,190,63,56,26,22,7,13,3,4,0,10,6,2,6,0,0,0
10691,334,Maartensdijk,5948,14,"0,24 %",6898,5962,"86,43 %",2082,1049,1254,526,189,573,58,144,35,3,18,5,4,1,2,1,1,0,0,0,2,1,0,0,0
10964,933,Maasbracht,4756,26,"0,55 %",6342,4782,"75,40 %",2476,1331,472,253,98,6,9,37,34,7,7,10,11,0,2,1,1,0,1,0,0,0,0,0,0
11352,934,Maasbree,6942,11,"0,16 %",8546,6953,"81,36 %",4551,1091,665,370,182,4,13,3,23,6,16,6,6,0,1,2,2,0,1,0,0,0,0,0,0
10341,263,Maasdriel,5332,23,"0,43 %",6420,5355,"83,41 %",2897,1373,670,225,75,11,6,8,24,23,9,0,0,4,0,4,0,3,0,0,0,0,0,0,0
10393,555,Maasland,4110,6,"0,15 %",4563,4116,"90,20 %",2499,403,650,279,75,50,61,45,30,3,7,3,0,0,2,2,0,0,1,0,0,0,0,0,0
10880,556,Maassluis,18850,71,"0,38 %",23881,18921,"79,23 %",6347,5430,3310,1891,617,204,270,258,309,80,49,23,28,5,13,8,5,0,3,0,0,0,0,0,0
10182,935,Maastricht,66307,223,"0,34 %",92410,66530,"71,99 %",23103,28005,5833,4627,3313,38,177,61,406,183,231,116,112,26,24,29,14,0,9,0,0,0,0,0,0
10258,812,Made en Drimmelen,7564,14,"0,19 %",9239,7578,"82,02 %",3398,2507,817,543,146,13,10,11,50,19,15,19,0,3,3,5,2,0,3,0,0,0,0,0,0
11243,936,Margraten,8636,24,"0,28 %",10030,8660,"86,34 %",4654,2196,863,547,260,5,32,5,16,8,21,12,8,0,3,6,0,0,0,0,0,0,0,0,0
11221,686,Mariekerke,2275,3,"0,13 %",2449,2278,"93,02 %",881,163,179,73,46,821,41,65,2,0,2,0,0,0,1,0,0,0,1,0,0,0,0,0,0
11382,169,Markelo,4870,12,"0,25 %",5441,4882,"89,73 %",1680,1511,1242,267,76,20,11,26,16,4,4,4,2,1,2,2,1,0,1,0,0,0,0,0,0
10901,419,Marken,1445,5,"0,35 %",1604,1450,"90,40 %",878,240,142,106,30,2,13,15,9,0,5,0,0,2,1,1,0,1,0,0,0,0,0,0,0
11431,25,Marum,5487,12,"0,22 %",6396,5499,"85,98 %",1693,2176,844,302,147,23,170,81,9,8,8,10,0,0,11,4,1,0,0,0,0,0,0,0,0
10300,264,Maurik,3789,10,"0,26 %",4414,3799,"86,07 %",1203,1601,637,155,67,47,20,13,24,1,5,6,0,1,3,4,1,0,1,0,0,0,0,0,0
11215,420,Medemblik,3903,17,"0,44 %",4981,3920,"78,70 %",1514,1203,634,294,118,11,18,38,26,4,14,6,3,11,3,0,1,2,3,0,0,0,0,0,0
10304,26,Meeden,1232,8,"0,65 %",1365,1240,"90,84 %",238,698,95,71,64,2,26,14,6,3,2,0,0,1,9,0,1,0,2,0,0,0,0,0,0
11416,993,Meerlo-Wanssum,4278,12,"0,28 %",5216,4290,"82,25 %",2787,818,315,227,97,0,6,0,6,1,11,6,1,0,3,0,0,0,0,0,0,0,0,0,0
10494,938,Meerssen,13013,32,"0,25 %",16096,13045,"81,04 %",6322,3825,1474,803,388,10,26,3,60,22,33,26,11,2,5,1,0,0,2,0,0,0,0,0,0
10988,813,Megen c.a.,1922,5,"0,26 %",2209,1927,"87,23 %",1126,419,131,82,47,3,0,0,5,93,6,1,0,2,1,1,5,0,0,0,0,0,0,0,0
10925,941,Meijel,3196,8,"0,25 %",4019,3204,"79,72 %",2128,649,226,118,58,0,0,3,5,0,3,1,3,0,1,0,1,0,0,0,0,0,0,0,0
10196,939,Melick en Herkenbosch,4676,14,"0,30 %",5739,4690,"81,72 %",2340,1279,602,297,110,3,4,4,12,0,5,12,0,3,2,1,2,0,0,0,0,0,0,0,0
11144,83,Menaldumadeel,8563,33,"0,39 %",9712,8596,"88,51 %",3003,3295,1196,591,266,12,93,57,6,8,17,2,0,3,7,3,4,0,0,0,0,0,0,0,0
11204,119,Meppel,14869,58,"0,39 %",17739,14927,"84,15 %",3960,6376,2115,1123,478,37,440,184,41,19,55,13,0,4,12,7,4,0,1,0,0,0,0,0,0
10122,687,Middelburg,23610,81,"0,34 %",29453,23691,"80,44 %",7098,7296,2877,2316,1206,1517,448,469,142,43,97,46,0,18,20,11,6,0,0,0,0,0,0,0,0
11067,559,Middelharnis,9556,20,"0,21 %",11883,9576,"80,59 %",2505,2792,1188,499,182,1880,121,324,37,5,8,6,2,1,1,2,1,0,2,0,0,0,0,0,0
11199,27,Middelstum,1858,6,"0,32 %",2069,1864,"90,09 %",777,589,120,81,60,5,135,68,0,0,6,2,0,1,11,2,1,0,0,0,0,0,0,0,0
10837,688,Middenschouwen,1637,5,"0,31 %",1925,1642,"85,30 %",605,394,310,77,22,136,35,50,3,0,2,0,0,0,0,1,1,0,1,0,0,0,0,0,0
10356,28,Midwolda,2712,9,"0,33 %",3042,2721,"89,45 %",938,1267,164,86,75,3,38,90,4,1,3,3,0,27,10,1,1,0,1,0,0,0,0,0,0
10215,814,Mierlo,6222,17,"0,27 %",7300,6239,"85,47 %",3116,1451,885,497,186,7,2,2,15,29,10,7,5,1,0,3,4,0,2,0,0,0,0,0,0
10535,815,Mill en Sint Hubert,6745,15,"0,22 %",7908,6760,"85,48 %",4026,1705,532,243,137,4,4,2,8,31,35,11,1,0,1,2,2,0,1,0,0,0,0,0,0
10072,265,Millingen aan de Rijn,3248,8,"0,25 %",4008,3256,"81,24 %",1234,1489,229,194,77,0,1,8,4,0,8,1,0,0,0,2,0,0,1,0,0,0,0,0,0
11191,816,Moergestel,3824,15,"0,39 %",4477,3839,"85,75 %",2241,788,462,198,97,0,1,2,13,9,7,4,0,0,1,1,0,0,0,0,0,0,0,0,0
11383,560,Moerkapelle,2060,11,"0,53 %",2295,2071,"90,24 %",609,312,293,114,36,553,20,97,9,2,8,0,1,0,3,2,1,0,0,0,0,0,0,0,0
10983,423,Monnickendam,6141,20,"0,33 %",7450,6161,"82,70 %",1863,1733,1325,748,297,5,33,22,54,7,19,9,5,11,5,2,1,1,1,0,0,0,0,0,0
10019,562,Monster,11722,37,"0,32 %",14595,11759,"80,57 %",6290,1867,1627,667,224,494,204,111,147,11,30,20,11,2,6,9,1,0,1,0,0,0,0,0,0
10033,335,Montfoort,7474,18,"0,24 %",8712,7492,"86,00 %",3632,1176,1258,549,224,428,55,70,43,7,10,13,3,0,2,3,1,0,0,0,0,0,0,0,0
10266,943,Montfort,1881,12,"0,64 %",2387,1893,"79,30 %",1063,506,192,74,31,0,2,2,6,1,1,2,0,0,1,0,0,0,0,0,0,0,0,0,0
10271,944,Mook en Middelaar,4491,14,"0,31 %",5374,4505,"83,83 %",1924,1131,737,448,179,5,12,3,12,17,11,4,6,1,1,0,0,0,0,0,0,0,0,0,0
10120,563,Moordrecht,4004,21,"0,52 %",5113,4025,"78,72 %",1251,1161,692,411,115,215,35,46,51,8,10,4,0,2,0,2,0,0,0,0,1,0,0,0,0
10958,424,Muiden,4391,10,"0,23 %",5109,4401,"86,14 %",1341,1106,1060,593,161,25,30,10,26,4,26,3,1,2,2,0,0,1,0,0,0,0,0,0,0
10550,29,Muntendam,3227,17,"0,53 %",3738,3244,"86,78 %",340,2250,239,139,138,7,31,29,4,17,7,5,0,6,10,5,0,0,0,0,0,0,0,0,0
11418,565,Naaldwijk,17046,53,"0,31 %",20143,17099,"84,89 %",10152,2305,2636,953,284,184,126,148,145,12,53,14,7,2,6,11,2,0,6,0,0,0,0,0,0
10187,425,Naarden,10556,7,"0,07 %",12633,10563,"83,61 %",3078,1953,3693,1144,310,82,90,53,64,6,37,9,25,5,1,2,2,2,0,0,0,0,0,0,0
10715,426,Nederhorst den Berg,3302,7,"0,21 %",3850,3309,"85,95 %",1320,737,741,249,128,17,28,11,24,25,17,0,2,1,0,0,0,1,1,0,0,0,0,0,0
10050,643,Nederlek,9282,31,"0,33 %",10945,9313,"85,09 %",2238,3232,1767,834,235,684,74,77,73,15,21,7,8,1,6,5,3,0,1,0,1,0,0,0,0
10681,946,Nederweert,9290,37,"0,40 %",11540,9327,"80,82 %",5640,2418,703,321,132,2,9,5,26,8,10,11,3,1,0,0,1,0,0,0,0,0,0,0,0
10367,266,Neede,7402,26,"0,35 %",8443,7428,"87,98 %",2811,2903,941,383,143,12,102,45,22,3,8,7,0,3,1,3,2,11,2,0,0,0,0,0,0
10682,947,Neer,2031,7,"0,34 %",2628,2038,"77,55 %",1221,460,163,71,94,1,4,1,8,1,3,2,0,1,0,1,0,0,0,0,0,0,0,0,0
10125,304,Neerijnen,6687,33,"0,49 %",7799,6720,"86,16 %",2177,2196,1020,311,125,689,54,42,45,2,12,3,0,1,1,3,0,5,1,0,0,0,0,0,0
10923,412,Niedorp,4836,20,"0,41 %",5888,4856,"82,47 %",1789,1533,821,383,235,3,6,4,10,10,25,2,3,7,1,0,2,2,0,0,0,0,0,0,0
10950,30,Nieuwe Pekela,3220,13,"0,40 %",3814,3233,"84,77 %",838,1642,302,116,144,23,32,72,8,2,5,3,0,17,13,1,1,0,1,0,0,0,0,0,0
10374,356,Nieuwegein,32395,22,"0,07 %",41634,32417,"77,86 %",10762,9422,5898,3566,1317,260,308,187,335,148,73,42,28,13,10,2,3,0,9,1,6,5,0,0,0
10855,567,Nieuwerkerk aan den IJssel,11124,24,"0,22 %",13304,11148,"83,79 %",3396,2736,2564,1145,278,494,188,135,103,16,28,14,10,3,5,2,6,0,1,0,0,0,0,0,0
10008,31,Nieuweschans,1138,4,"0,35 %",1315,1142,"86,84 %",84,828,85,37,56,1,0,2,6,0,2,0,0,33,1,1,2,0,0,0,0,0,0,0,0
10406,817,Nieuw-Ginneken,7698,21,"0,27 %",9063,7719,"85,17 %",3796,1591,1422,604,155,3,15,11,46,8,22,9,0,2,4,7,2,0,1,0,0,0,0,0,0
10728,569,Nieuwkoop,6407,35,"0,55 %",7813,6442,"82,45 %",2983,1112,1241,518,189,131,27,129,22,5,27,11,4,5,2,1,0,0,0,0,0,0,0,0,0
10547,571,Nieuw-Lekkerland,5106,12,"0,24 %",5905,5118,"86,67 %",1251,1551,371,303,71,1193,145,154,30,11,14,3,1,4,3,0,0,0,1,0,0,0,0,0,0
10384,170,Nieuwleusen,5174,13,"0,25 %",5996,5187,"86,51 %",2469,1180,604,238,56,175,334,83,13,2,7,6,2,0,2,2,0,0,1,0,0,0,0,0,0
10126,32,Nieuwolda,1085,6,"0,55 %",1227,1091,"88,92 %",226,590,151,37,40,0,14,8,3,1,8,0,0,4,3,0,0,0,0,0,0,0,0,0,0
10487,573,Nieuwveen,2069,3,"0,14 %",2715,2072,"76,32 %",1229,228,309,138,65,43,9,25,9,6,6,0,0,1,0,0,0,0,0,0,1,0,0,0,0
10401,818,Nieuw-Vossemeer,1461,8,"0,55 %",1761,1469,"83,42 %",597,606,138,71,24,0,3,1,10,1,6,3,0,0,0,1,0,0,0,0,0,0,0,0,0
10768,104,Nijefurd,6798,25,"0,37 %",7732,6823,"88,24 %",3452,1787,647,374,288,16,79,104,11,7,14,8,0,0,5,2,4,0,0,0,0,0,0,0,0
10774,121,Nijeveen,1927,5,"0,26 %",2113,1932,"91,43 %",912,479,297,144,18,6,39,22,1,1,4,0,0,2,1,0,0,0,1,0,0,0,0,0,0
10446,267,Nijkerk,15543,46,"0,30 %",18221,15589,"85,56 %",7357,3034,1734,921,235,1048,458,598,86,5,32,9,7,3,3,5,5,0,3,0,0,0,0,0,0
11209,268,Nijmegen,88214,286,"0,32 %",114090,88500,"77,57 %",24636,35687,6763,8543,9498,63,269,125,576,1208,432,176,0,24,26,105,18,48,17,0,0,0,0,0,0
10094,819,Nistelrode,4216,16,"0,38 %",5092,4232,"83,11 %",2611,1010,261,169,59,1,3,1,5,85,8,0,0,0,0,1,0,0,2,0,0,0,0,0,0
10924,529,Noorder-Koggenland,5845,21,"0,36 %",6835,5866,"85,82 %",1842,1557,1427,461,243,83,42,76,39,9,27,9,6,8,4,1,6,5,0,0,0,0,0,0,0
10144,171,Noordoostpolder,23587,60,"0,25 %",27162,23647,"87,06 %",10374,5912,3213,1549,584,435,765,534,97,13,37,19,0,5,27,5,7,0,11,0,0,0,0,0,0
10769,575,Noordwijk,14865,35,"0,24 %",18580,14900,"80,19 %",6084,3162,3409,1050,668,88,93,114,77,21,37,21,24,3,6,5,2,0,1,0,0,0,0,0,0
11134,576,Noordwijkerhout,9207,35,"0,38 %",11095,9242,"83,30 %",4691,1449,1941,648,316,10,28,12,37,10,28,16,5,3,3,7,3,0,0,0,0,0,0,0,0
10601,577,Nootdorp,4069,13,"0,32 %",4918,4082,"83,00 %",2286,506,748,293,110,19,22,16,37,2,17,2,5,0,3,2,1,0,0,0,0,0,0,0,0
10608,120,Norg,4328,13,"0,30 %",5092,4341,"85,25 %",827,1641,1143,404,153,6,53,26,26,1,11,5,0,2,28,0,2,0,0,0,0,0,0,0,0
10761,820,Nuenen c.a.,12789,19,"0,15 %",15030,12808,"85,22 %",5943,2598,2139,1411,491,20,54,14,40,31,22,15,7,0,0,2,0,0,2,0,0,0,0,0,0
10118,821,Nuland,2760,11,"0,40 %",3372,2771,"82,18 %",1718,585,180,160,42,1,1,0,12,49,5,2,1,0,1,2,1,0,0,0,0,0,0,0,0
10512,302,Nunspeet,15951,25,"0,16 %",17723,15976,"90,14 %",6370,2094,1999,633,193,3070,275,1198,52,9,18,10,12,4,8,4,2,0,0,0,0,0,0,0,0
10104,951,Nuth,11261,46,"0,41 %",13145,11307,"86,02 %",5709,3519,896,596,344,5,29,9,43,35,21,27,7,4,4,1,9,0,3,0,0,0,0,0,0
11338,429,Obdam,3668,11,"0,30 %",4213,3679,"87,32 %",2055,585,552,282,147,2,3,6,10,3,9,5,1,2,3,0,1,2,0,0,0,0,0,0,0
11320,122,Odoorn,8325,41,"0,49 %",9525,8366,"87,83 %",1789,4272,1344,461,170,10,108,96,23,8,11,7,0,12,13,0,1,0,0,0,0,0,0,0,0
10360,822,Oeffelt,1446,5,"0,35 %",1678,1451,"86,47 %",821,375,118,82,36,0,3,2,1,3,5,0,0,0,0,0,0,0,0,0,0,0,0,0,0
10287,579,Oegstgeest,11674,31,"0,27 %",13675,11705,"85,59 %",3753,2239,3223,1470,485,59,191,62,47,20,69,15,29,5,3,0,1,0,3,0,0,0,0,0,0
10420,953,Ohe en Laak,558,4,"0,72 %",658,562,"85,41 %",355,100,69,17,9,2,0,2,0,0,1,1,1,0,0,1,0,0,0,0,0,0,0,0,0
10225,823,Oirschot,7223,17,"0,24 %",8601,7240,"84,18 %",4228,1638,698,417,149,1,7,3,16,29,19,4,4,0,3,2,1,0,4,0,0,0,0,0,0
10103,824,Oisterwijk,11456,37,"0,32 %",13799,11493,"83,29 %",4937,3250,1804,845,405,7,32,17,73,25,39,9,0,2,5,4,1,0,1,0,0,0,0,0,0
11106,269,Oldebroek,13020,50,"0,38 %",15132,13070,"86,37 %",4887,2685,920,397,124,1963,412,1550,35,2,10,6,3,7,10,5,1,0,3,0,0,0,0,0,0
10298,35,Oldehove,1543,3,"0,19 %",1715,1546,"90,15 %",540,361,201,81,40,6,257,40,1,3,3,1,0,3,5,1,0,0,0,0,0,0,0,0,0
11332,36,Oldekerk,1561,0,"0,00 %",1775,1561,"87,94 %",737,392,209,78,28,12,78,17,1,0,3,1,0,0,5,0,0,0,0,0,0,0,0,0,0
11100,173,Oldenzaal,19129,55,"0,29 %",21828,19184,"87,89 %",9678,5395,1845,1369,505,7,48,29,90,44,47,14,15,3,5,7,7,21,0,0,0,0,0,0,0
10409,174,Olst,6049,10,"0,17 %",6886,6059,"87,99 %",2306,2147,998,342,142,36,18,11,14,4,16,2,0,3,3,5,0,1,1,0,0,0,0,0,0
11069,175,Ommen,12056,27,"0,22 %",13049,12083,"92,60 %",6547,2057,1209,593,198,76,1136,168,24,2,17,6,8,0,7,6,2,0,0,0,0,0,0,0,0
10492,881,Onderbanken,5138,28,"0,54 %",6237,5166,"82,83 %",2493,1825,298,231,138,10,12,11,35,23,26,8,13,3,5,4,3,0,0,0,0,0,0,0,0
10220,825,Oost- West- en Middelbeers,3098,12,"0,39 %",3601,3110,"86,36 %",1997,554,283,157,88,2,1,0,5,2,5,1,1,0,0,1,1,0,0,0,0,0,0,0,0
10782,692,Oostburg,11253,35,"0,31 %",13967,11288,"80,82 %",3725,4054,2209,571,237,165,91,82,37,2,32,16,0,9,12,5,4,0,2,0,0,0,0,0,0
11282,33,Oosterbroek,3389,5,"0,15 %",3788,3394,"89,60 %",443,2016,447,181,146,2,90,11,14,5,9,2,0,10,11,1,0,0,1,0,0,0,0,0,0
10490,123,Oosterhesselen,3328,14,"0,42 %",3650,3342,"91,56 %",976,1344,549,181,81,11,87,67,10,7,6,1,0,2,3,0,0,0,3,0,0,0,0,0,0
11280,826,Oosterhout,27959,73,"0,26 %",35694,28032,"78,53 %",10121,9672,4323,2481,633,32,64,69,205,58,198,42,0,11,13,17,12,0,8,0,0,0,0,0,0
10714,580,Oostflakkee,6084,13,"0,21 %",7131,6097,"85,50 %",1998,2131,627,284,104,694,55,109,42,5,15,7,2,2,2,3,3,0,1,0,0,0,0,0,0
10836,85,Ooststellingwerf,16077,58,"0,36 %",18690,16135,"86,33 %",4318,7415,2138,890,634,69,325,126,40,8,65,11,0,8,17,8,5,0,0,0,0,0,0,0,0
11303,431,Oostzaan,4824,22,"0,46 %",5785,4846,"83,77 %",892,1805,1012,477,448,27,9,47,54,4,18,10,1,11,1,2,4,2,0,0,0,0,0,0,0
11079,176,Ootmarsum,3086,6,"0,19 %",3227,3092,"95,82 %",2066,488,293,148,56,3,5,3,4,3,5,2,6,0,1,1,0,2,0,0,0,0,0,0,0
11415,827,Oploo c.a.,4857,15,"0,31 %",5526,4872,"88,17 %",3102,954,349,201,193,0,6,2,6,10,17,5,1,1,2,6,1,0,1,0,0,0,0,0,0
10609,432,Opmeer,6289,13,"0,21 %",7267,6302,"86,72 %",3289,1231,1043,416,216,10,14,17,18,0,18,8,3,0,2,1,0,3,0,0,0,0,0,0,0
10005,86,Opsterland,17139,64,"0,37 %",19521,17203,"88,13 %",4305,7811,2084,959,715,75,789,237,30,10,46,11,0,52,10,2,3,0,0,0,0,0,0,0,0
10834,828,Oss,28844,68,"0,24 %",37166,28912,"77,79 %",10858,8538,3205,2019,745,22,55,50,152,3029,44,41,31,6,14,27,3,0,5,0,0,0,0,0,0
10929,829,Ossendrecht,2765,18,"0,65 %",3789,2783,"73,45 %",1183,867,381,203,67,5,6,3,25,2,13,3,0,0,7,0,0,0,0,0,0,0,0,0,0
11363,831,Oud en Nieuw Gastel,4602,18,"0,39 %",6171,4620,"74,87 %",2182,1533,499,204,101,3,1,3,46,7,8,8,0,0,0,3,2,0,2,0,0,0,0,0,0
11301,584,Oud-Beijerland,12229,41,"0,34 %",14688,12270,"83,54 %",3612,3088,2220,1214,326,1211,133,235,105,10,37,9,14,1,5,4,4,0,1,0,0,0,0,0,0
10848,38,Oude Pekela,5405,16,"0,30 %",6259,5421,"86,61 %",683,3553,286,169,530,25,32,33,13,15,8,1,0,47,2,6,1,0,1,0,0,0,0,0,0
10397,830,Oudenbosch,6907,35,"0,51 %",9019,6942,"76,97 %",2962,2269,886,468,162,11,21,5,69,6,19,14,0,4,3,4,4,0,0,0,0,0,0,0,0
10998,437,Ouder-Amstel,7717,24,"0,31 %",9259,7741,"83,61 %",2747,1670,1809,892,283,72,28,30,105,5,32,10,8,8,9,2,1,3,1,0,2,0,0,0,0
10095,644,Ouderkerk,5141,12,"0,23 %",5986,5153,"86,08 %",1543,1254,852,328,88,838,74,109,32,3,13,2,1,1,0,2,1,0,0,0,0,0,0,0,0
10188,589,Oudewater,6052,23,"0,38 %",6985,6075,"86,97 %",3329,911,862,360,142,248,62,71,40,1,10,2,5,1,5,2,0,0,0,0,0,1,0,0,0
10427,590,Papendrecht,16831,44,"0,26 %",20366,16875,"82,86 %",4993,5237,2909,1604,502,720,181,463,120,29,33,12,2,6,11,7,2,0,0,0,0,0,0,0,0
10501,124,Peize,3286,17,"0,52 %",3801,3303,"86,90 %",419,1588,691,392,127,7,8,12,21,3,5,4,0,2,6,0,1,0,0,0,0,0,0,0,0
10031,594,Pijnacker,11039,25,"0,23 %",12599,11064,"87,82 %",5457,1638,2002,1044,294,258,126,56,96,5,28,15,10,3,4,2,1,0,0,0,0,0,0,0,0
10456,956,Posterholt,2478,10,"0,40 %",3279,2488,"75,88 %",1132,899,214,109,73,6,7,3,12,2,5,4,7,2,0,0,3,0,0,0,0,0,0,0,0
11354,832,Prinsenbeek,6487,14,"0,22 %",7839,6501,"82,93 %",3130,1476,1151,511,103,5,13,14,40,3,16,14,0,4,3,4,0,0,0,0,0,0,0,0,0
11066,439,Purmerend,32771,126,"0,38 %",42656,32897,"77,12 %",6787,12273,7102,3771,1591,32,77,160,493,81,136,83,41,76,19,15,8,17,9,0,0,0,0,0,0
10099,833,Putte,1699,9,"0,53 %",2463,1708,"69,35 %",601,507,368,131,37,1,2,4,20,1,12,9,0,3,2,1,0,0,0,0,0,0,0,0,0
11109,273,Putten,13452,21,"0,16 %",15228,13473,"88,48 %",6448,1969,1930,488,196,1297,291,749,34,4,18,12,5,1,4,4,2,0,0,0,0,0,0,0,0
10279,177,Raalte,17469,26,"0,15 %",19735,17495,"88,65 %",11569,3134,1355,874,336,13,43,46,19,16,24,17,5,0,4,6,0,6,2,0,0,0,0,0,0
11391,834,Raamsdonk,8057,29,"0,36 %",10138,8086,"79,76 %",3188,2829,1135,496,194,52,11,43,51,15,17,7,0,3,10,3,2,0,1,0,0,0,0,0,0
10805,835,Ravenstein,5118,19,"0,37 %",5957,5137,"86,23 %",2622,1551,371,290,136,3,10,1,8,101,9,5,2,0,3,6,0,0,0,0,0,0,0,0,0
10485,595,Reeuwijk,8005,14,"0,17 %",9298,8019,"86,24 %",3372,1259,1760,592,152,504,73,178,67,5,21,14,1,2,4,1,0,0,0,0,0,0,0,0,0
10077,703,Reimerswaal,11646,32,"0,27 %",13863,11678,"84,24 %",3606,2565,1299,535,201,2980,140,188,82,7,21,8,0,1,5,2,5,0,1,0,0,0,0,0,0
11325,274,Renkum,22599,61,"0,27 %",26764,22660,"84,67 %",7713,6557,4695,1971,796,211,182,181,84,44,75,26,14,3,30,11,4,0,2,0,0,0,0,0,0
10269,339,Renswoude,2306,0,"0,00 %",2740,2306,"84,16 %",1249,284,315,84,18,240,27,73,7,1,3,1,2,0,1,0,0,0,0,0,0,1,0,0,0
10162,836,Reusel,4515,11,"0,24 %",5556,4526,"81,46 %",2917,920,390,179,70,2,5,1,11,1,8,5,0,0,2,2,1,0,1,0,0,0,0,0,0
11355,275,Rheden,30898,113,"0,37 %",36594,31011,"84,74 %",9612,11843,5056,2457,984,96,265,212,139,52,78,36,16,7,13,18,8,0,6,0,0,0,0,0,0
10309,340,Rhenen,10444,31,"0,30 %",12460,10475,"84,07 %",3269,3042,1539,639,252,1291,107,206,64,3,13,10,2,1,3,2,1,0,0,0,0,0,0,0,0
10646,597,Ridderkerk,28471,83,"0,29 %",35083,28554,"81,39 %",8297,9498,3519,2380,646,2721,474,389,291,46,76,53,17,16,23,8,14,0,3,0,0,0,0,0,0
10455,837,Riethoven,1512,7,"0,46 %",1726,1519,"88,01 %",942,202,216,105,24,1,5,3,1,3,3,3,1,0,1,2,0,0,0,0,0,0,0,0,0
11129,601,Rijnsaterwoude,855,4,"0,47 %",975,859,"88,10 %",381,144,172,65,26,48,2,7,2,0,2,3,0,1,0,0,1,0,1,0,0,0,0,0,0
11118,602,Rijnsburg,7889,20,"0,25 %",9345,7909,"84,63 %",4875,845,831,303,105,190,417,263,33,3,10,9,1,0,1,1,1,0,0,0,1,0,0,0,0
10819,196,Rijnwaarden,5942,25,"0,42 %",7578,5967,"78,74 %",2686,2321,389,344,120,3,8,3,18,5,18,8,0,4,3,4,2,6,0,0,0,0,0,0,0
10866,841,Rijsbergen,3338,22,"0,66 %",4296,3360,"78,21 %",1832,763,430,204,64,3,8,6,10,4,8,3,0,0,0,3,0,0,0,0,0,0,0,0,0
10358,178,Rijssen,14798,62,"0,42 %",16191,14860,"91,78 %",5035,2205,628,366,112,5134,159,1086,41,3,8,4,1,2,5,1,2,5,1,0,0,0,0,0,0
11133,603,Rijswijk,30922,121,"0,39 %",38970,31043,"79,66 %",10032,7654,7078,3603,1065,180,245,164,573,57,96,40,61,4,37,15,10,0,8,0,0,0,0,0,0
10699,125,Roden,12221,31,"0,25 %",13936,12252,"87,92 %",2904,5188,2158,1058,393,12,312,101,23,7,28,12,0,5,15,3,0,0,2,0,0,0,0,0,0
11313,957,Roermond,19390,73,"0,38 %",28181,19463,"69,06 %",7541,6470,3066,1104,718,10,74,43,168,40,71,25,34,6,5,5,4,0,6,0,0,0,0,0,0
10505,958,Roggel,2672,7,"0,26 %",3277,2679,"81,75 %",1701,504,249,111,88,3,2,1,6,2,1,2,2,0,0,0,0,0,0,0,0,0,0,0,0
10470,126,Rolde,4103,20,"0,49 %",4737,4123,"87,04 %",639,1610,1281,342,150,5,39,4,10,1,10,1,0,1,9,1,0,0,0,0,0,0,0,0,0
10407,838,Roosendaal en Nispen,32485,101,"0,31 %",44420,32586,"73,36 %",13941,9390,4418,2457,1087,33,105,92,596,131,98,61,0,12,16,34,6,0,8,0,0,0,0,0,0
10970,839,Rosmalen,15908,35,"0,22 %",19784,15943,"80,59 %",6920,3988,2353,1414,452,13,42,15,65,533,43,26,18,1,2,12,6,0,5,0,0,0,0,0,0
10860,276,Rossum,2021,5,"0,25 %",2319,2026,"87,37 %",817,707,271,124,61,12,6,2,3,7,8,0,0,0,1,2,0,0,0,0,0,0,0,0,0
10345,599,Rotterdam,299649,1935,"0,65 %",425941,301584,"70,80 %",61454,135966,36330,25921,15299,4163,2589,1866,10279,1463,1555,589,825,438,258,255,113,0,133,94,59,0,0,0,0
11314,600,Rozenburg,7730,29,"0,38 %",10367,7759,"74,84 %",2329,2504,1362,809,276,74,164,57,82,24,11,13,7,6,9,1,2,0,0,0,0,0,0,0,0
10684,277,Rozendaal,941,3,"0,32 %",1023,944,"92,28 %",334,127,307,118,31,1,7,5,2,0,3,1,0,0,5,0,0,0,0,0,0,0,0,0,0
11152,840,Rucphen,12171,44,"0,36 %",16892,12215,"72,31 %",4483,5839,1093,387,163,6,13,10,88,4,38,22,0,1,5,16,1,0,2,0,0,0,0,0,0
10629,127,Ruinen,4879,18,"0,37 %",5285,4897,"92,66 %",1285,1774,1306,269,114,12,40,37,23,2,8,2,0,1,6,0,0,0,0,0,0,0,0,0,0
10944,128,Ruinerwold,2343,9,"0,38 %",2666,2352,"88,22 %",775,683,577,161,56,6,46,22,2,0,6,3,0,0,5,0,0,0,1,0,0,0,0,0,0
10879,278,Ruurlo,4838,26,"0,54 %",5745,4864,"84,66 %",1773,1471,1239,206,64,9,11,15,7,5,16,3,0,2,3,3,1,10,0,0,0,0,0,0,0
10469,787,'s Gravenmoer,1347,2,"0,15 %",1596,1349,"84,52 %",649,264,191,92,24,23,27,64,3,6,4,0,0,0,0,0,0,0,0,0,0,0,0,0,0
11405,704,Sas van Gent,4561,22,"0,48 %",6167,4583,"74,31 %",1743,1671,662,259,124,30,16,12,21,3,6,8,0,2,1,1,1,0,1,0,0,0,0,0,0
10612,604,Sassenheim,9160,24,"0,26 %",10613,9184,"86,54 %",4456,1568,1842,753,251,57,54,49,48,29,20,19,6,1,4,1,0,0,0,0,2,0,0,0,0
10511,441,Schagen,9699,23,"0,24 %",12357,9722,"78,68 %",2703,2938,2296,1078,420,18,45,31,67,16,36,16,6,16,2,4,1,3,3,0,0,0,0,0,0
10276,843,Schaijk,4801,14,"0,29 %",5730,4815,"84,03 %",2729,1105,447,253,138,3,9,1,4,97,5,4,2,0,1,1,2,0,0,0,0,0,0,0,0
10711,39,Scheemda,5289,16,"0,30 %",5980,5305,"88,71 %",1161,2884,541,269,180,8,69,78,21,7,6,6,0,40,12,5,2,0,0,0,0,0,0,0,0
10308,458,Schermer,2699,5,"0,19 %",3130,2704,"86,39 %",1031,726,564,210,107,4,8,7,12,3,14,7,2,0,2,0,1,1,0,0,0,0,0,0,0
11146,279,Scherpenzeel,5374,18,"0,33 %",6108,5392,"88,28 %",2226,955,862,254,80,688,53,209,30,2,7,0,4,1,2,1,0,0,0,0,0,0,0,0,0
11260,606,Schiedam,40117,130,"0,32 %",52997,40247,"75,94 %",10364,16966,4625,3680,1940,308,217,277,1024,378,114,53,47,45,28,28,10,0,13,0,0,0,0,0,0
10355,88,Schiermonnikoog,1017,1,"0,10 %",742,1018,"137,20 %",335,289,185,105,69,1,19,5,0,3,3,1,0,0,2,0,0,0,0,0,0,0,0,0,0
11178,844,Schijndel,12721,54,"0,42 %",16024,12775,"79,72 %",5843,3758,1100,615,256,9,5,6,33,1030,19,15,5,4,1,16,3,0,3,0,0,0,0,0,0
10132,962,Schinnen,8919,38,"0,43 %",10369,8957,"86,38 %",4522,2685,820,510,238,3,16,11,24,33,20,11,16,1,6,0,1,0,2,0,0,0,0,0,0
10130,607,Schipluiden,5404,18,"0,33 %",6058,5422,"89,50 %",3517,488,685,357,155,62,37,34,34,3,12,7,3,1,1,5,3,0,0,0,0,0,0,0,0
10064,129,Schoonebeek,4961,14,"0,28 %",5766,4975,"86,28 %",2553,1770,295,201,86,3,19,17,5,1,5,3,0,1,1,0,0,0,1,0,0,0,0,0,0
10980,608,Schoonhoven,6877,20,"0,29 %",8167,6897,"84,45 %",2475,1816,1110,607,258,345,74,70,62,9,36,4,6,2,2,0,0,0,1,0,0,0,0,0,0
10627,444,Schoorl,4511,15,"0,33 %",5146,4526,"87,95 %",1443,1254,985,446,191,5,8,13,31,14,104,7,3,1,0,5,0,1,0,0,0,0,0,0,0
10045,964,Sevenum,4296,6,"0,14 %",5135,4302,"83,78 %",2978,602,338,224,83,4,14,1,5,28,7,3,4,3,0,1,1,0,0,0,0,0,0,0,0
10534,390,'s-Graveland,5921,17,"0,29 %",7125,5938,"83,34 %",2271,1285,1322,582,185,75,57,34,26,9,44,11,9,4,2,2,2,1,0,0,0,0,0,0,0
10052,517,'s-Gravendeel,5308,20,"0,38 %",6271,5328,"84,96 %",1885,1845,724,281,77,305,58,75,28,2,13,5,2,2,2,4,0,0,0,0,0,0,0,0,0
11434,518,'s-Gravenhage,233675,688,"0,29 %",329426,234363,"71,14 %",57312,79567,44496,24142,11332,2230,1779,1245,7364,728,1015,462,572,227,180,80,55,167,345,192,16,0,138,0,31
10640,519,'s-Gravenzande,11186,11,"0,10 %",13412,11197,"83,48 %",5608,1828,2122,672,147,461,102,136,64,9,16,12,3,1,3,1,1,0,0,0,0,0,0,0,0
10054,796,'s-Hertogenbosch,51265,170,"0,33 %",68961,51435,"74,59 %",16758,19803,5238,4298,2882,60,239,93,605,789,205,113,69,25,31,30,12,0,15,0,0,0,0,0,0
10515,965,Simpelveld,7419,7,"0,09 %",8969,7426,"82,80 %",3541,2750,501,318,124,10,16,12,28,19,36,16,28,9,4,2,4,0,1,0,0,0,0,0,0
10740,445,Sint Maarten,1292,5,"0,39 %",1648,1297,"78,70 %",468,343,253,129,66,0,7,1,6,2,13,1,1,2,0,0,0,0,0,0,0,0,0,0,0
10496,845,Sint Michielsgestel,7669,42,"0,55 %",9274,7711,"83,15 %",3562,2351,795,563,206,2,30,8,19,92,15,11,5,1,1,4,3,0,1,0,0,0,0,0,0
10278,967,Sint Odilienberg,2171,9,"0,41 %",2743,2180,"79,48 %",1114,569,272,130,53,1,7,0,9,2,1,5,3,2,1,1,1,0,0,0,0,0,0,0,0
10513,446,Sint Pancras,3411,5,"0,15 %",3951,3416,"86,46 %",1396,869,572,290,149,11,34,35,19,6,17,6,2,0,1,0,3,0,1,0,0,0,0,0,0
10394,712,Sint Philipsland,1505,6,"0,40 %",1669,1511,"90,53 %",365,304,135,47,17,589,11,24,9,2,2,0,0,0,0,0,0,0,0,0,0,0,0,0,0
10399,846,Sint-Oedenrode,10445,34,"0,33 %",12283,10479,"85,31 %",6043,2424,912,630,298,3,6,10,19,50,17,12,6,1,1,8,2,0,3,0,0,0,0,0,0
11230,968,Sittard,26193,95,"0,36 %",34674,26288,"75,81 %",11269,9343,2469,1468,1141,20,62,29,109,97,66,34,35,13,21,8,3,0,6,0,0,0,0,0,0
10022,51,Skarsterlan,15372,40,"0,26 %",17518,15412,"87,98 %",6478,5295,1747,927,487,64,124,136,28,4,41,9,0,10,14,4,3,0,1,0,0,0,0,0,0
10489,130,Sleen,6009,24,"0,40 %",6629,6033,"91,01 %",1332,3158,940,255,137,13,36,87,16,5,8,7,0,6,4,2,2,0,1,0,0,0,0,0,0
11331,610,Sliedrecht,13880,11,"0,08 %",17187,13891,"80,82 %",3580,4724,1445,792,337,2257,259,307,108,6,24,4,7,10,12,8,0,0,0,0,0,0,0,0,0
10747,40,Slochteren,8900,38,"0,43 %",10598,8938,"84,34 %",1837,3850,1294,543,293,26,827,97,25,15,25,9,0,11,40,5,1,0,2,0,0,0,0,0,0
10895,713,Sluis,1778,7,"0,39 %",2147,1785,"83,14 %",634,553,436,92,30,2,11,9,5,0,2,1,0,0,1,0,0,0,2,0,0,0,0,0,0
10405,90,Smallingerland,32988,92,"0,28 %",37621,33080,"87,93 %",10391,13869,2970,2191,1180,176,1237,743,46,34,64,28,0,19,26,7,4,0,3,0,0,0,0,0,0
11033,131,Smilde,5802,28,"0,48 %",6716,5830,"86,81 %",2152,2187,663,353,180,9,157,56,19,2,7,4,0,0,9,2,1,0,1,0,0,0,0,0,0
11421,91,Sneek,18435,63,"0,34 %",22362,18498,"82,72 %",6275,7318,2179,1413,633,39,186,227,35,15,26,24,0,26,23,7,5,0,4,0,0,0,0,0,0
11021,342,Soest,25352,73,"0,29 %",31020,25425,"81,96 %",9546,4923,6436,2439,784,254,335,273,181,18,74,22,24,12,14,5,2,0,3,3,1,3,0,0,0
10203,847,Someren,10362,35,"0,34 %",12867,10397,"80,80 %",6548,2051,908,495,239,9,16,7,26,18,15,9,7,1,1,9,1,0,2,0,0,0,0,0,0
10549,848,Son en Breugel,9151,23,"0,25 %",10993,9174,"83,45 %",4425,1604,1867,823,254,5,36,20,41,23,28,4,11,2,2,3,2,0,1,0,0,0,0,0,0
10735,612,Spijkenisse,35132,123,"0,35 %",47218,35255,"74,66 %",7888,13277,6254,4088,1258,324,248,228,554,653,98,92,51,36,27,27,14,0,15,0,0,0,0,0,0
11233,849,Sprang-Capelle,5672,28,"0,49 %",7040,5700,"80,97 %",2535,1190,668,255,102,665,59,105,34,11,24,9,2,3,5,1,4,0,0,0,0,0,0,0,0
10913,179,Stad Delden,5286,8,"0,15 %",5804,5294,"91,21 %",2774,1051,879,398,98,3,23,11,19,4,14,2,1,2,0,0,0,7,0,0,0,0,0,0,0
10610,37,Stadskanaal,21730,63,"0,29 %",25557,21793,"85,27 %",7177,9894,1571,809,493,48,724,810,61,17,30,22,0,25,28,14,6,0,1,0,0,0,0,0,0
11212,850,Standdaarbuiten,1741,1,"0,06 %",2087,1742,"83,47 %",854,482,225,123,24,0,1,8,19,2,1,1,0,0,0,0,1,0,0,0,0,0,0,0,0
11362,180,Staphorst,8226,23,"0,28 %",9070,8249,"90,95 %",2270,906,706,215,67,2692,731,602,10,1,13,3,3,2,3,1,0,0,1,0,0,0,0,0,0
11337,532,Stede Broec,10530,28,"0,27 %",12992,10558,"81,27 %",4421,2875,1724,861,400,20,31,35,52,8,38,23,9,8,5,3,6,8,3,0,0,0,0,0,0
10771,41,Stedum,1250,6,"0,48 %",1408,1256,"89,20 %",482,433,79,52,61,3,86,18,0,2,3,3,0,0,28,0,0,0,0,0,0,0,0,0,0
10731,851,Steenbergen,8265,31,"0,38 %",10839,8296,"76,54 %",3200,2970,1214,474,213,17,11,11,95,8,15,13,0,5,4,10,1,0,4,0,0,0,0,0,0
10497,280,Steenderen,3181,3,"0,09 %",3539,3184,"89,97 %",1801,750,352,132,85,10,9,13,4,0,17,2,1,1,2,1,0,0,1,0,0,0,0,0,0
10546,181,Steenwijk,13444,39,"0,29 %",15907,13483,"84,76 %",4405,5490,1705,774,409,37,235,258,38,11,32,11,6,2,8,7,5,11,0,0,0,0,0,0,0
11319,971,Stein,16395,76,"0,46 %",20513,16471,"80,30 %",7508,5718,1324,1083,490,9,22,18,62,34,56,30,13,5,6,8,7,0,2,0,0,0,0,0,0
11203,972,Stevensweert,1057,3,"0,28 %",1252,1060,"84,66 %",595,296,104,41,13,0,0,0,4,0,0,3,0,0,0,0,0,0,1,0,0,0,0,0,0
11186,973,Stramproy,3020,12,"0,40 %",3651,3032,"83,05 %",1843,710,230,126,71,1,2,4,17,4,4,5,0,0,0,0,1,0,2,0,0,0,0,0,0
10558,617,Strijen,5438,17,"0,31 %",6447,5455,"84,61 %",1632,1820,1003,335,175,249,68,85,35,4,18,2,5,4,0,3,0,0,0,0,0,0,0,0,0
10457,974,Susteren,8031,43,"0,54 %",9996,8074,"80,77 %",4119,2536,707,351,187,17,17,6,27,11,18,6,10,5,4,3,6,0,1,0,0,0,0,0,0
10474,975,Swalmen,4841,18,"0,37 %",6472,4859,"75,08 %",2306,1740,392,214,136,0,7,0,16,4,6,5,9,2,1,1,1,0,1,0,0,0,0,0,0
10956,54,'t Zandt,1593,4,"0,25 %",1812,1597,"88,13 %",391,752,198,83,67,3,43,15,3,2,7,3,0,2,22,2,0,0,0,0,0,0,0,0,0
11333,976,Tegelen,9991,32,"0,32 %",13481,10023,"74,35 %",4914,3331,808,551,209,4,28,10,67,17,18,12,7,5,5,4,1,0,0,0,0,0,0,0,0
10891,9,Ten Boer,4246,11,"0,26 %",4742,4257,"89,77 %",1376,1402,422,268,161,11,477,88,6,2,7,5,0,2,15,1,1,0,2,0,0,0,0,0,0
11104,480,Ter Aar,5492,7,"0,13 %",6391,5499,"86,04 %",3213,665,945,334,114,109,32,31,23,8,9,2,1,0,3,3,0,0,0,0,0,0,0,0,0
10905,853,Terheijden,5099,9,"0,18 %",6280,5108,"81,34 %",2186,1562,627,461,161,4,15,8,39,8,10,6,0,1,5,4,1,0,1,0,0,0,0,0,0
11023,42,Termunten,2827,13,"0,46 %",3400,2840,"83,53 %",681,1493,280,120,125,7,24,34,7,3,10,1,0,29,10,2,1,0,0,0,0,0,0,0,0
10704,715,Terneuzen,19594,63,"0,32 %",25889,19657,"75,93 %",6426,6048,2669,1403,556,1091,746,309,196,44,54,20,0,1,21,3,7,0,0,0,0,0,0,0,0
11210,93,Terschelling,4175,6,"0,14 %",3634,4181,"115,05 %",1060,1410,957,405,202,3,32,34,29,7,20,6,0,1,6,1,1,0,1,0,0,0,0,0,0
10677,854,Teteringen,3710,4,"0,11 %",4246,3714,"87,47 %",1821,772,644,320,83,1,11,9,22,3,12,4,0,0,3,2,1,0,2,0,0,0,0,0,0
10237,448,Texel,9229,26,"0,28 %",9637,9255,"96,04 %",3395,2453,1819,715,546,40,48,92,41,10,34,8,9,8,4,1,0,3,3,0,0,0,0,0,0
10376,716,Tholen,11436,51,"0,45 %",13943,11487,"82,39 %",3036,3128,1274,429,142,2793,143,341,66,21,14,36,0,4,4,3,1,0,1,0,0,0,0,0,0
11195,977,Thorn,1785,8,"0,45 %",2103,1793,"85,26 %",935,566,153,79,35,1,1,0,6,1,2,1,2,0,2,1,0,0,0,0,0,0,0,0,0
10027,281,Tiel,17432,17,"0,10 %",22638,17449,"77,08 %",4917,7409,2740,1236,590,139,134,58,97,21,44,13,0,2,4,4,3,18,3,0,0,0,0,0,0
10792,855,Tilburg,85284,226,"0,26 %",118627,85510,"72,08 %",30658,30645,8883,6915,5174,157,242,115,754,1012,337,143,0,50,64,58,41,0,36,0,0,0,0,0,0
10694,183,Tubbergen,12792,20,"0,16 %",13793,12812,"92,89 %",10193,1511,606,281,93,12,20,19,14,0,18,4,9,5,0,4,0,1,2,0,0,0,0,0,0
11241,737,Tytsjerksteradiel,19434,41,"0,21 %",22202,19475,"87,72 %",8128,6239,2077,1396,504,131,425,365,30,23,62,16,0,6,15,8,7,0,2,0,0,0,0,0,0
10408,282,Ubbergen,6337,20,"0,32 %",7528,6357,"84,44 %",2883,1880,755,425,301,3,14,4,17,6,30,10,0,1,2,5,0,1,0,0,0,0,0,0,0
11141,856,Uden,20731,42,"0,20 %",25942,20773,"80,07 %",9876,4771,3110,1366,482,12,47,28,73,849,45,19,14,3,10,13,5,0,8,0,0,0,0,0,0
11268,857,Udenhout,5152,3,"0,06 %",6575,5155,"78,40 %",2976,1093,559,337,129,2,2,1,18,6,8,6,0,1,5,6,0,0,3,0,0,0,0,0,0
11238,450,Uitgeest,6060,17,"0,28 %",7285,6077,"83,42 %",2167,1599,1121,687,348,6,14,7,23,15,27,10,6,20,2,2,2,3,1,0,0,0,0,0,0
11206,451,Uithoorn,14265,27,"0,19 %",17265,14292,"82,78 %",5341,3016,3670,1376,477,26,62,63,92,21,38,19,23,3,6,9,3,6,6,0,8,0,0,0,0
10180,45,Ulrum,2419,4,"0,17 %",2779,2423,"87,19 %",928,749,258,98,54,20,228,69,1,2,3,0,0,0,9,0,0,0,0,0,0,0,0,0,0
10783,184,Urk,6586,25,"0,38 %",7493,6611,"88,23 %",2694,80,84,32,15,2168,482,1000,30,0,0,0,0,1,0,0,0,0,0,0,0,0,0,0,0
11035,46,Usquert,1090,5,"0,46 %",1233,1095,"88,81 %",110,701,135,37,52,2,25,6,1,3,12,0,0,1,5,0,0,0,0,0,0,0,0,0,0
10722,344,Utrecht,133280,446,"0,33 %",174831,133726,"76,49 %",30887,49973,15662,14277,14072,757,1037,551,3417,1341,606,211,93,85,56,81,32,0,26,40,34,42,0,0,0
10007,981,Vaals,5308,45,"0,85 %",6600,5353,"81,11 %",2160,2124,531,222,138,15,40,3,17,3,21,8,14,2,4,0,3,0,3,0,0,0,0,0,0
11071,283,Valburg,7821,18,"0,23 %",9246,7839,"84,78 %",3711,1858,941,494,218,403,61,68,14,1,17,9,0,0,14,7,0,4,1,0,0,0,0,0,0
10028,619,Valkenburg,1928,9,"0,47 %",2321,1937,"83,46 %",1046,266,247,101,34,48,108,48,14,4,7,0,3,0,1,1,0,0,0,0,0,0,0,0,0
11077,994,Valkenburg a/d Geul,11819,38,"0,32 %",14027,11857,"84,53 %",6078,3349,1336,580,261,11,21,22,58,20,28,23,18,4,4,1,0,0,5,0,0,0,0,0,0
10779,720,Valkenisse,4288,9,"0,21 %",4616,4297,"93,09 %",1868,774,834,335,124,216,66,44,12,3,4,4,0,2,2,0,0,0,0,0,0,0,0,0,0
11031,858,Valkenswaard,17971,34,"0,19 %",22604,18005,"79,65 %",8421,5065,2428,1201,507,31,29,29,86,65,34,12,31,4,7,10,6,0,5,0,0,0,0,0,0
11292,47,Veendam,17898,54,"0,30 %",21187,17952,"84,73 %",3178,10180,2307,1086,495,12,187,188,78,55,27,20,0,16,52,9,3,0,5,0,0,0,0,0,0
11052,345,Veenendaal,26951,13,"0,05 %",32816,26964,"82,17 %",11007,5302,3568,1407,591,2595,694,1487,181,28,22,10,22,8,10,3,4,0,4,1,3,4,0,0,0
10369,717,Veere,3417,6,"0,18 %",3654,3423,"93,68 %",1642,453,509,232,102,224,162,59,5,6,9,2,0,5,6,0,1,0,0,0,0,0,0,0,0
10985,860,Veghel,14847,46,"0,31 %",18343,14893,"81,19 %",7831,3434,1813,999,362,10,27,23,62,193,34,9,18,5,6,13,3,0,5,0,0,0,0,0,0
10071,861,Veldhoven,22797,35,"0,15 %",29019,22832,"78,68 %",10887,5661,3064,1935,782,30,48,56,109,84,45,30,20,10,5,12,11,0,8,0,0,0,0,0,0
10620,453,Velsen,35613,121,"0,34 %",45646,35734,"78,29 %",11308,12052,6279,3094,1430,103,316,261,298,51,163,42,59,65,22,24,10,32,3,0,1,0,0,0,0
10433,454,Venhuizen,4617,8,"0,17 %",5304,4625,"87,20 %",1944,1013,1009,358,164,9,9,12,32,1,40,11,4,5,2,0,1,3,0,0,0,0,0,0,0
10477,983,Venlo,33235,69,"0,21 %",47323,33304,"70,38 %",16887,8987,3638,2009,978,32,100,62,169,150,99,46,29,14,3,19,5,0,8,0,0,0,0,0,0
11222,984,Venray,18566,56,"0,30 %",25186,18622,"73,94 %",10619,4338,1572,1109,592,17,33,7,62,92,41,41,19,5,8,7,1,0,3,0,0,0,0,0,0
11414,862,Vessem c.a.,3219,5,"0,16 %",3693,3224,"87,30 %",2234,414,301,159,82,1,3,5,9,1,5,3,0,0,1,0,1,0,0,0,0,0,0,0,0
10887,620,Vianen,10969,34,"0,31 %",13324,11003,"82,58 %",4013,3099,1789,983,289,491,59,70,90,17,24,16,7,11,3,5,2,0,1,0,0,0,0,0,0
10066,863,Vierlingsbeek,5057,6,"0,12 %",5850,5063,"86,55 %",3165,1058,393,238,144,4,11,1,10,9,13,5,2,0,1,1,0,0,2,0,0,0,0,0,0
10811,622,Vlaardingen,44560,118,"0,26 %",57196,44678,"78,11 %",12322,16128,5738,4126,1830,1119,457,506,545,1478,98,59,64,19,27,25,9,0,10,0,0,0,0,0,0
11249,48,Vlagtwedde,10664,43,"0,40 %",12744,10707,"84,02 %",3393,5186,1110,365,194,14,84,186,26,12,46,9,0,11,15,6,5,0,2,0,0,0,0,0,0
11120,132,Vledder,2491,2,"0,08 %",2839,2493,"87,81 %",556,1132,490,168,78,0,20,15,13,3,10,1,0,1,3,0,0,0,1,0,0,0,0,0,0
10658,347,Vleuten-De Meern,10566,31,"0,29 %",12158,10597,"87,16 %",5203,1583,2289,812,256,103,145,45,73,5,22,7,6,2,4,7,2,0,1,0,0,1,0,0,0
10211,96,Vlieland,1111,6,"0,54 %",848,1117,"131,72 %",251,361,285,111,70,0,13,2,4,3,5,2,0,0,0,2,1,0,1,0,0,0,0,0,0
11293,864,Vlijmen,9585,35,"0,37 %",11665,9620,"82,47 %",4694,2616,1132,725,220,7,12,6,59,47,23,12,11,6,11,2,1,0,1,0,0,0,0,0,0
10270,718,Vlissingen,25016,96,"0,38 %",33023,25112,"76,04 %",7230,9232,3681,2326,839,651,223,216,328,127,57,48,0,13,13,18,6,0,8,0,0,0,0,0,0
11174,623,Vlist,6195,21,"0,34 %",7046,6216,"88,22 %",2434,1344,1055,459,127,577,47,78,39,7,12,9,4,1,1,0,1,0,0,0,0,0,0,0,0
10644,985,Vlodrop,1414,7,"0,50 %",1745,1421,"81,43 %",747,403,153,58,26,0,3,2,7,3,5,1,4,0,0,1,0,0,1,0,0,0,0,0,0
11341,986,Voerendaal,8649,1,"0,01 %",10310,8650,"83,90 %",4567,2383,895,443,196,5,18,11,27,19,26,25,13,5,7,7,0,0,2,0,0,0,0,0,0
11103,624,Voorburg,26499,66,"0,25 %",32358,26565,"82,10 %",8463,6047,6666,3063,883,144,316,136,460,60,102,54,65,7,15,10,5,0,3,0,0,0,0,0,0
10017,625,Voorhout,6178,14,"0,23 %",7015,6192,"88,27 %",3005,878,1430,526,195,19,33,12,22,8,21,9,10,4,1,1,2,0,0,0,2,0,0,0,0
10537,626,Voorschoten,13925,13,"0,09 %",16350,13938,"85,25 %",5164,2659,3699,1539,389,106,108,81,35,23,52,22,26,5,11,3,2,0,0,0,1,0,0,0,0
10912,285,Voorst,14972,41,"0,27 %",17621,15013,"85,20 %",6744,4128,2326,903,360,233,71,79,33,14,32,11,12,3,13,5,5,0,0,0,0,0,0,0,0
10957,286,Vorden,5846,20,"0,34 %",6554,5866,"89,50 %",2765,1498,997,303,121,23,41,36,15,5,23,6,5,0,2,4,2,0,0,0,0,0,0,0,0
10630,133,Vries,6344,49,"0,77 %",7326,6393,"87,26 %",1133,2407,1813,556,223,8,97,30,35,5,10,9,0,1,14,2,1,0,0,0,0,0,0,0,0
10643,186,Vriezenveen,11678,27,"0,23 %",13350,11705,"87,68 %",5640,3439,700,368,112,490,142,730,24,3,12,6,2,2,3,1,0,4,0,0,0,0,0,0,0
11224,865,Vught,14474,28,"0,19 %",18364,14502,"78,97 %",6435,3885,2180,1165,504,28,62,7,71,38,46,12,11,3,10,6,7,0,4,0,0,0,0,0,0
10959,866,Waalre,9855,22,"0,22 %",11621,9877,"84,99 %",4509,1983,2018,954,262,7,25,10,33,12,19,9,10,1,1,1,0,0,1,0,0,0,0,0,0
11359,867,Waalwijk,16484,38,"0,23 %",21011,16522,"78,64 %",7172,4798,2174,1156,596,68,65,102,157,74,39,20,30,3,14,10,4,0,2,0,0,0,0,0,0
10081,627,Waddinxveen,15050,29,"0,19 %",17639,15079,"85,49 %",5225,3351,2779,1288,319,1150,348,382,117,23,28,11,8,3,11,2,3,0,0,0,2,0,0,0,0
11010,289,Wageningen,21499,34,"0,16 %",26423,21533,"81,49 %",5226,7059,2571,2784,2777,392,245,164,34,80,107,24,4,2,12,12,3,0,3,0,0,0,0,0,0
10265,868,Wanroij,3244,9,"0,28 %",3667,3253,"88,71 %",2310,534,202,111,66,0,2,1,3,6,6,2,0,0,0,1,0,0,0,0,0,0,0,0,0
10498,49,Warffum,1577,7,"0,44 %",1790,1584,"88,49 %",414,723,214,92,55,3,38,15,2,3,8,1,0,0,9,0,0,0,0,0,0,0,0,0,0
10221,456,Warmenhuizen,2854,7,"0,25 %",3361,2861,"85,12 %",1373,566,484,228,138,2,12,5,6,6,18,7,1,1,2,3,0,1,1,0,0,0,0,0,0
10204,628,Warmond,3276,8,"0,24 %",3948,3284,"83,18 %",1603,554,621,283,105,28,19,5,25,6,13,3,3,2,1,5,0,0,0,0,0,0,0,0,0
10838,291,Warnsveld,5529,14,"0,25 %",6440,5543,"86,07 %",1703,1868,1073,548,181,10,49,43,5,4,29,3,6,2,2,2,1,0,0,0,0,0,0,0,0
10402,869,Waspik,3081,11,"0,36 %",3613,3092,"85,58 %",1538,937,293,157,65,21,8,12,17,17,2,3,3,0,0,5,2,0,1,0,0,0,0,0,0
10164,629,Wassenaar,16496,13,"0,08 %",19199,16509,"85,99 %",6397,2028,6257,1165,256,79,82,40,71,7,53,19,15,6,10,8,1,0,0,0,2,0,0,0,0
11329,630,Wateringen,9503,0,"0,00 %",11507,9503,"82,58 %",5382,1320,1550,714,225,16,50,37,114,7,40,12,15,6,9,2,4,0,0,0,0,0,0,0,0
10893,188,Weerselo,6069,14,"0,23 %",6471,6083,"94,00 %",4830,618,288,197,87,2,8,6,17,2,2,4,0,0,1,1,2,1,3,0,0,0,0,0,0
11081,988,Weert,23268,87,"0,37 %",30270,23355,"77,16 %",10912,7718,2471,1165,496,14,22,42,154,128,50,36,23,7,8,7,7,0,8,0,0,0,0,0,0
10773,457,Weesp,10835,30,"0,28 %",13717,10865,"79,21 %",3134,3282,2093,1254,558,56,92,64,147,11,60,15,23,11,11,8,4,11,0,0,1,0,0,0,0
11116,292,Wehl,3951,17,"0,43 %",4977,3968,"79,73 %",2371,1042,257,175,79,0,3,0,12,0,5,3,0,0,2,2,0,0,0,0,0,0,0,0,0
10078,870,Werkendam,11267,32,"0,28 %",13252,11299,"85,26 %",5004,2490,1143,476,206,1367,183,292,49,19,17,2,7,1,3,4,0,0,4,0,0,0,0,0,0
11270,459,Wervershoof,4498,11,"0,24 %",5286,4509,"85,30 %",2775,774,527,227,136,1,4,9,15,1,16,2,3,1,1,2,2,1,1,0,0,0,0,0,0
10127,989,Wessem,1261,12,"0,95 %",1696,1273,"75,06 %",707,343,113,50,25,3,4,0,2,2,3,2,5,0,1,0,0,0,1,0,0,0,0,0,0
10042,668,West Maas en Waal,10890,36,"0,33 %",12925,10926,"84,53 %",5940,3013,1116,465,196,18,18,12,28,29,25,4,0,3,2,7,3,9,2,0,0,0,0,0,0
11095,134,Westerbork,5245,14,"0,27 %",5715,5259,"92,02 %",1306,2197,1096,301,145,57,48,47,18,5,6,5,0,4,9,0,0,0,1,0,0,0,0,0,0
11041,871,Westerhoven,1205,0,"0,00 %",1314,1205,"91,70 %",707,293,106,57,34,0,1,1,3,0,2,0,0,0,0,1,0,0,0,0,0,0,0,0,0
10354,558,Wester-Koggenland,8031,23,"0,29 %",9273,8054,"86,85 %",4065,1536,1519,511,241,3,11,17,32,13,40,15,4,3,10,5,2,4,0,0,0,0,0,0,0
10701,725,Westerschouwen,4641,13,"0,28 %",4402,4654,"105,72 %",1460,1262,1200,298,83,142,40,77,37,6,12,13,0,1,7,1,2,0,0,0,0,0,0,0,0
11085,293,Westervoort,8638,21,"0,24 %",10814,8659,"80,07 %",3075,3007,1183,790,348,6,72,32,56,13,23,11,0,2,6,3,3,3,5,0,0,0,0,0,0
10931,726,Westkapelle,1832,3,"0,16 %",2022,1835,"90,75 %",580,585,268,78,32,224,22,29,10,1,1,2,0,0,0,0,0,0,0,0,0,0,0,0,0
11322,98,Weststellingwerf,15833,63,"0,40 %",18766,15896,"84,71 %",4515,7406,2227,805,458,32,93,124,64,7,45,15,0,8,29,3,2,0,0,0,0,0,0,0,0
10009,614,Westvoorne,8882,32,"0,36 %",10541,8914,"84,57 %",2364,2383,2852,765,257,55,38,39,70,5,26,4,7,9,1,3,4,0,0,0,0,0,0,0,0
10676,189,Wierden,14836,15,"0,10 %",16177,14851,"91,80 %",9078,2347,1324,586,185,539,116,584,30,5,9,11,3,1,5,3,2,7,1,0,0,0,0,0,0
11277,462,Wieringen,5010,11,"0,22 %",6188,5021,"81,14 %",1107,2032,1254,362,141,2,12,20,32,1,15,13,1,7,4,4,1,2,0,0,0,0,0,0,0
10239,463,Wieringermeer,7121,15,"0,21 %",8560,7136,"83,36 %",2748,1900,1424,519,253,43,78,90,14,1,16,12,1,6,7,2,3,3,1,0,0,0,0,0,0
10723,296,Wijchen,20208,27,"0,13 %",24909,20235,"81,24 %",9310,6334,2210,1432,584,14,43,24,50,65,49,22,0,5,15,9,3,17,22,0,0,0,0,0,0
10434,470,Wijdewormer,888,5,"0,56 %",1010,893,"88,42 %",345,213,203,70,33,1,4,3,4,6,2,3,0,0,1,0,0,0,0,0,0,0,0,0,0
10888,190,Wijhe,4806,10,"0,21 %",5318,4816,"90,56 %",2279,1575,490,231,101,17,41,51,7,2,5,4,0,1,1,0,1,0,0,0,0,0,0,0,0
10760,352,Wijk bij Duurstede,9001,20,"0,22 %",10938,9021,"82,47 %",2994,2440,1853,972,442,64,44,69,48,18,15,19,8,0,6,2,5,0,0,0,0,2,0,0,0
10827,872,Willemstad,2155,7,"0,32 %",2522,2162,"85,73 %",818,622,424,152,51,29,11,27,10,2,3,5,0,0,1,0,0,0,0,0,0,0,0,0,0
10453,52,Winschoten,13070,28,"0,21 %",15680,13098,"83,53 %",2348,7509,1432,707,559,16,152,137,35,18,53,12,0,62,22,2,4,0,2,0,0,0,0,0,0
11135,53,Winsum,4163,8,"0,19 %",4627,4171,"90,14 %",1399,1504,438,275,259,7,228,27,5,2,11,1,0,1,1,0,4,0,1,0,0,0,0,0,0
11119,294,Winterswijk,17982,52,"0,29 %",21368,18034,"84,40 %",5627,7126,3231,1123,488,22,95,104,39,22,52,15,0,9,7,3,5,12,2,0,0,0,0,0,0
10318,295,Wisch,12167,49,"0,40 %",15043,12216,"81,21 %",5658,3668,1606,673,298,17,56,61,36,9,28,12,0,1,5,11,6,18,4,0,0,0,0,0,0
10243,727,Wissenkerke,2205,3,"0,14 %",2428,2208,"90,94 %",961,566,316,93,61,115,43,25,15,0,6,1,0,2,1,0,0,0,0,0,0,0,0,0,0
11371,990,Wittem,5599,21,"0,38 %",5934,5620,"94,71 %",2887,1744,440,284,144,8,11,6,20,12,21,7,5,3,5,2,0,0,0,0,0,0,0,0,0
10602,873,Woensdrecht,5897,16,"0,27 %",7716,5913,"76,63 %",2327,1880,935,433,127,6,15,17,83,11,22,24,0,1,5,8,3,0,0,0,0,0,0,0,0
10974,632,Woerden,20910,61,"0,29 %",24786,20971,"84,61 %",9229,3856,3372,1804,627,917,206,432,169,197,35,32,3,3,10,8,1,0,3,0,5,1,0,0,0
10818,466,Wognum,4400,10,"0,23 %",5254,4410,"83,94 %",2550,635,712,304,123,0,10,5,15,5,28,6,3,0,1,0,2,1,0,0,0,0,0,0,0
10648,467,Wormer,7280,17,"0,23 %",8628,7297,"84,57 %",2105,2505,1034,762,643,16,26,71,36,3,44,6,3,15,1,3,2,2,3,0,0,0,0,0,0
10461,633,Woubrugge,3195,5,"0,16 %",3702,3200,"86,44 %",1625,525,530,300,89,48,12,20,12,8,15,2,4,1,1,1,1,0,1,0,0,0,0,0,0
11398,351,Woudenberg,6328,21,"0,33 %",7167,6349,"88,59 %",2476,1031,1120,392,170,686,118,272,26,11,14,6,1,2,0,1,0,0,0,0,0,2,0,0,0
10282,874,Woudrichem,8600,18,"0,21 %",9858,8618,"87,42 %",3925,2101,923,344,182,452,299,285,30,20,20,6,1,3,6,3,0,0,0,0,0,0,0,0,0
10808,875,Wouw,5006,28,"0,56 %",6501,5034,"77,43 %",2498,1341,703,293,91,3,6,5,37,1,10,11,0,0,1,2,3,0,1,0,0,0,0,0,0
0,710,Wnseradiel,7301,25,"0,34 %",8266,7326,"88,63 %",3402,2272,727,387,255,20,90,72,16,2,17,20,0,3,11,3,4,0,0,0,0,0,0,0,0
11427,683,Wymbritseradiel,9323,22,"0,24 %",10444,9345,"89,48 %",5261,1953,888,577,306,37,96,130,11,7,33,9,0,1,9,2,1,0,2,0,0,0,0,0,0
11044,479,Zaanstad,75716,234,"0,31 %",95974,75950,"79,14 %",17384,30379,11716,7175,5522,299,511,549,934,167,342,127,119,309,39,48,26,53,17,0,0,0,0,0,0
10557,297,Zaltbommel,5706,16,"0,28 %",6867,5722,"83,33 %",1633,2093,888,535,262,117,61,38,30,16,12,9,0,2,1,3,0,6,0,0,0,0,0,0,0
10910,473,Zandvoort,9922,33,"0,33 %",12728,9955,"78,21 %",2327,2678,3427,951,258,10,35,31,84,2,47,16,15,6,8,2,4,18,1,0,2,0,0,0,0
10618,707,Zederik,8433,25,"0,30 %",9440,8458,"89,60 %",3569,1723,1019,374,107,1108,105,367,20,2,18,6,4,2,5,2,1,0,1,0,0,0,0,0,0
10759,877,Zeeland,3603,9,"0,25 %",4228,3612,"85,43 %",2397,666,237,137,80,8,3,4,5,47,7,6,0,1,1,2,0,0,2,0,0,0,0,0,0
11121,478,Zeevang,3712,15,"0,40 %",4343,3727,"85,82 %",814,1081,1217,387,150,3,8,4,19,4,8,2,6,4,1,3,0,1,0,0,0,0,0,0,0
10012,50,Zeewolde,3789,3,"0,08 %",4259,3792,"89,03 %",1284,682,1080,355,78,46,100,126,15,2,4,5,0,4,7,0,0,0,1,0,0,0,0,0,0
10324,355,Zeist,36268,115,"0,32 %",45247,36383,"80,41 %",11096,8973,8082,3430,1554,1100,728,449,303,81,330,45,31,10,21,12,5,0,3,6,4,5,0,0,0
11159,298,Zelhem,7166,25,"0,35 %",8774,7191,"81,96 %",3175,2281,917,378,109,133,24,80,24,7,9,7,0,1,3,7,8,3,0,0,0,0,0,0,0
10938,299,Zevenaar,16194,38,"0,23 %",20166,16232,"80,49 %",7196,4791,2087,1323,455,19,75,68,70,20,39,15,0,4,15,5,4,6,2,0,0,0,0,0,0
10046,878,Zevenbergen,8997,52,"0,58 %",15616,9049,"57,95 %",3708,2799,1409,619,200,10,111,30,56,6,18,15,0,3,2,4,2,0,5,0,0,0,0,0,0
11317,635,Zevenhoven,1758,4,"0,23 %",2021,1762,"87,18 %",1004,226,306,106,25,34,7,29,6,4,3,4,0,1,0,0,1,0,1,0,1,0,0,0,0
11377,636,Zevenhuizen,4075,8,"0,20 %",4686,4083,"87,13 %",1340,1093,867,344,67,233,37,51,16,2,13,2,3,0,1,1,1,0,4,0,0,0,0,0,0
10843,732,Zierikzee,6290,15,"0,24 %",7544,6305,"83,58 %",1898,2224,1054,441,199,175,49,200,14,3,10,10,0,2,10,1,0,0,0,0,0,0,0,0,0
10004,476,Zijpe,5227,9,"0,17 %",6321,5236,"82,83 %",2037,1473,1062,358,194,4,14,19,17,4,24,9,4,3,0,1,0,3,1,0,0,0,0,0,0
10766,637,Zoetermeer,53779,130,"0,24 %",67204,53909,"80,22 %",14632,15338,10870,7099,1751,838,534,528,672,970,229,80,96,20,40,32,8,0,39,0,3,0,0,0,0
11074,638,Zoeterwoude,5075,15,"0,30 %",6137,5090,"82,94 %",2618,829,837,471,178,31,23,11,21,3,27,5,14,1,3,2,1,0,0,0,0,0,0,0,0
10021,56,Zuidhorn,4806,4,"0,08 %",5332,4810,"90,21 %",1355,1224,625,407,146,18,958,44,3,7,8,3,0,4,4,0,0,0,0,0,0,0,0,0,0
10002,136,Zuidlaren,7055,32,"0,45 %",8263,7087,"85,77 %",1721,2379,1574,621,202,9,397,70,19,13,10,7,0,5,28,0,0,0,0,0,0,0,0,0,0
10262,137,Zuidwolde,6166,23,"0,37 %",7132,6189,"86,78 %",2539,1643,1173,390,137,36,156,58,16,1,6,3,0,0,6,0,2,0,0,0,0,0,0,0,0
11192,879,Zundert,7442,38,"0,51 %",10306,7480,"72,58 %",4151,1743,926,352,187,4,4,6,30,7,18,8,0,0,1,4,0,0,1,0,0,0,0,0,0
10254,301,Zutphen,18789,40,"0,21 %",23283,18829,"80,87 %",4511,8483,2472,1573,1085,34,183,97,74,50,142,23,26,18,6,8,2,0,2,0,0,0,0,0,0
10303,192,Zwartsluis,2812,6,"0,21 %",3216,2818,"87,62 %",1291,756,268,118,53,68,135,106,4,2,5,2,0,4,0,0,0,0,0,0,0,0,0,0,0
10872,138,Zweeloo,2040,5,"0,25 %",2155,2045,"94,90 %",509,776,512,112,63,2,15,31,6,4,4,0,0,3,1,0,0,0,2,0,0,0,0,0,0
10468,642,Zwijndrecht,25544,67,"0,26 %",31418,25611,"81,52 %",8341,7740,3948,2189,742,985,674,425,282,49,56,28,29,7,22,10,8,0,9,0,0,0,0,0,0
10093,193,Zwolle,56830,65,"0,11 %",71356,56895,"79,73 %",18109,19410,7474,4877,2622,428,2111,1079,198,171,140,75,22,28,31,26,7,14,8,0,0,0,0,0,0